|LOCATION|DESCRIPTION_UNMASKED
0|('Foristell', 'MO')|41 FASTLANE              FORISTELL    MO 
1||AAFES AVIANO SHOP 4 SE   APO          AE 
2||7-ELEVEN 26941 00072WOODBRIDGE  420271230 7 703-878-7674 
3|('Dallas', 'TX')|AA CTR-CONCES 10133056   DALLAS       TX 
4|('Austin', 'TX')|ITUNES MUSIC STORE ITUNESAUSTIN       TX 
5||CVSPHARMACY #5194 Q03 FORT WALTON B FL 
6|('Gulfport', 'MS')|PETSMART INC 633         GULFPORT     MS 
7|('Bolingbrook', 'IL')|CVS PHARMACY #7168 Q03   BOLINGBROOK  IL 
8|('Plover', 'WI')|WAL-MART #1828           PLOVER       WI 
9||ACADEMY SPORTS #46       SELMA        TX 
10|('Norman', 'OK')|SAMSCLUB #4761           NORMAN       OK 
11|('Austin', 'TX')|ITUNES MUSIC STORE ITUNESAUSTIN       TX 
12|('Lebanon', 'OH')|ACAPULCO #10             LEBANON      OH 
13|('Pittsburgh', 'PA')|KOHL'S #0293             PITTSBURGH   PA 
14|('Canton', 'GA')|KROGER #408              CANTON       GA 
15|('Somersworth', 'NH')|WAL-MART #1749           SOMERSWORTH  NH 
16|('Lake Oswego', 'OR')|ALBERTSONS #521          LAKE OSWEGO  OR 
17|('San Antonio', 'TX')|USAA INS PREMIUM         SAN ANTONIO  TX 
18|('Port Saint Lucie', 'FL')|MCDONALD'S M4270 OF      PORT ST LUCIEFL 
19|('San Antonio', 'TX')|USAA FSB-OVERDRAFT       SAN ANTONIO  TX 
20|('San Antonio', 'TX')|USAA INS PREMIUM         SAN ANTONIO  TX 
21|('Rock Hill', 'SC')|ANNAS LINENS 600         ROCK HILL    SC 
22||ANTHONYS COAL FIRED PI   PEMBROKE PINEFL 
23|('Spring', 'TX')|ANTHROPOLOGIE #453       SPRING       TX 
24|('Plattsburgh', 'NY')|MCDONALD'S F1605         PLATTSBURGH  NY 
25|('Brookline', 'MA')|CVS PHARMACY #1212 Q03   BROOKLINE    MA 
26|('Covington', 'GA')|APPLEBEE'S #32           COVINGTON    GA 
27|('Denver', 'CO')|AQUARIUM DENVER OCN JR   DENVER       CO 
28|('Canton', 'MI')|ARBYS 7524    00075242   CANTON       MI 
29||ARM ASSOCIATES L P       281-5060831  TX 
30|('Flushing', 'NY')|ARONS KISSENA FARM       FLUSHING     NY 
31|('Sumter', 'SC')|ASHLEY FURN HOME STORE   SUMTER       SC 
32||AT&T TLG GLF             08003310500  GA 
33|('Atlanta', 'GA')|ATL AIRPORT S PLZ EXPR   ATLANTA      GA 
34|('San Antonio', 'TX')|USAA FSB-OVERDRAFT       SAN ANTONIO  TX 
35||AUDIO ELECTRONICS   INDIANANPOL 66380006    317-253-2495 
36|('Anchorage', 'AK')|AVIS RENT A CAR #2       ANCHORAGE    AK 
37|('Knoxville', 'TN')|BABIES R US #8863  QPS   KNOXVILLE    TN 
38|('East Providence', 'RI')|BALTIMORE GARAGE         PROVIDENCE   RI 
39|('San Diego', 'CA')|BARNES & NOBLE #1978     SAN DIEGO    CA 
40|('Vero Beach', 'FL')|CVSPHARMACY #3429  Q03   VERO BEACH   FL 
41|('Columbia', 'MO')|BARNES & NOBLE #2074     COLUMBIA     MO 
42|('Santa Monica', 'CA')|BARNES & NOBLE #2575     SANTA MONICA CA 
43|('Williston', 'ND')|WAL-MART #1565           WILLISTON    ND 
44|('Kensington', 'MD')|BARWOOD TAXI             KENSINGTON   MD 
45|('Pearl', 'MS')|BASS PRO SHOPS STORE 35  PEARL        MS 
46||BEALLS-DEPT-STORE #0TAMPA       43573138    9417472355 
47|('Houston', 'TX')|BELDEN'S                 HOUSTON      TX 
48|('Lees Summit', 'MO')|BEST BUY      00003707   LEES SUMMIT  MO 
49|('New York City', 'NY')|BEST BUY      00008359   NEW YORK     NY 
50|('Dublin', 'CA')|BEST BUY CO    134       DUBLIN       CA 
51||BEST BUY MHT  00004200   VIRGINIA BEACVA 
52|('Orlando', 'FL')|BIG LOTS #05091 BIG LOTS ORLANDO      FL 
53|('Orange Park', 'FL')|BLOCKBUSTEREXPRESS       ORANGE PARK  FL 
54||BOBALICIOUS LLC          MECHANICSVILLVA 
55|('Barrington', 'IL')|BOLONEY'S SANDWICH SHO   BARRINGTON   IL 
56|('Murrysville', 'PA')|BORDERBROOK ANML HOSP    MURRYSVILLE  PA 
57|('Omaha', 'NE')|BORSHEIMS                OMAHA        NE 
58|('La Vista', 'NE')|BUCKY'S EXPRES #73 QPS   LA VISTA     NE 
59|('Lincoln', 'NE')|C BERRYS                 LINCOLN      NE 
60|('San Antonio', 'TX')|USAA FSB-OVERDRAFT       SAN ANTONIO  TX 
61|('Seal Beach', 'CA')|CALIFORNIA PIZZA 290     SEAL BEACH   CA 
62|('Hampton', 'VA')|MCDONALD'S F1796         HAMPTON      VA 
63|('Detroit', 'MI')|CARIBOU COFFEE 10 Q86    DETROIT      MI 
64||CARIBOU COFFEE#1223      EAGAN        MN 
65|('Ann Arbor', 'MI')|CARPENTER BROS HAR       ANN ARBOR    MI 
66|('Johnson Creek', 'WI')|CARTER'S #751            JOHNSON CREEKWI 
67|('Philadelphia', 'PA')|CH WOMENHEALTH ASSOCIA   PHILADELPHIA PA 
68|('Columbus', 'GA')|CHARLOTTE RUSSE 331      COLUMBUS     GA 
69|('Chatham', 'MA')|CHATHAM VILLAGE MARK     CHATHAM      MA 
70|('Independence', 'MO')|CHICK-FIL-A #02258       INDEPENDENCE MO 
71|('West Columbia', 'SC')|CHICK-FIL-A #02289       WEST COLUMBIASC 
72|('Winter Park', 'FL')|CHIPOTLE 0360            WINTER PARK  FL 
73||WAL-MART #0919           FT WALTON BE FL 
74|('Jacksonville', 'FL')|CHRISTS CHURCH           JACKSONVILLE FL 
75|('Grand Rapids', 'MI')|CINCO DE MAYO            GRAND RAPIDS MI 
76||COMFORT INN&SUITES HOT   GREAT BARINGTMA 
77|('Alexandria', 'LA')|COMFORT SUITES           ALEXANDRIA   LA 
78|('San Antonio', 'TX')|CONVENIENCE CHECK 4541   SAN ANTONIO  TX 
79|('Helena', 'MT')|COSTCO WHSE #0633 0000000HELENA       MT 
80|('San Antonio', 'TX')|COSTCO WHSE #0689 0000000SAN ANTONIO  TX 
81|('Philadelphia', 'PA')|DAFFY'S #401             PHILADELPHIA PA 
82|('Santa Monica', 'CA')|DAVID DEANGELO COMMUNI   SANTA MONICA CA 
83|('New Market', 'MD')|DD/BR #340769      Q35   NEW MARKET   MD 
84||DIAMONDS INTL 755        CABO SAN LUCAMX 
85|('Thatcher', 'AZ')|DOC'S                    THATCHER     AZ 
86|('Baltimore', 'MD')|DOUGHERTY'S PUB          BALTIMORE    MD 
87|('Concord', 'NC')|EAGLE GUNS & RANGE       CONCORD      NC 
88||EAST COOPER BAPTIST CHURC843-8563222  SC 
89|('Temecula', 'CA')|EDWARDS TEMECULA STDM    TEMECULA     CA 
90||E-MEALZ                  02054015340  AL 
91|('Asheville', 'NC')|ENMARK ASHVILLE 84Q77    ASHEVILLE    NC 
92|('Watertown', 'NY')|ENTERPRISE RENT-A-CAR    WATERTOWN    NY 
93|('Frisco', 'TX')|ENVISION IMAGING OF FR   FRISCO       TX 
94||EUREST AT GAO 11219441   WASHINGTON   DC 
95||EXCHANGE CATALOG/ONLIN   08005823289  TX 
96|('Ennis', 'MT')|EXXONMOBIL    45944048   ENNIS        MT 
97|('Roy', 'UT')|EXXONMOBIL    47305297   ROY          UT 
98|('Murfreesboro', 'TN')|EXXONMOBIL    47882618   MURFREESBORO TN 
99|('Danbury', 'CT')|FABRIC TREE              DANBURY      CT 
100|('Big Bear Lake', 'CA')|FIRESIDE LODGE           BIG BEAR LAKECA 
101|('Desoto', 'TX')|FIRESTONE     00219972   DE SOTO      TX 
102|('Des Moines', 'IA')|FONG'S PIZZA             DES MOINES   IA 
103|('Kailua', 'HI')|FOODLAND KAILUA          KAILUA       HI 
104|('Philadelphia', 'PA')|CVS PHARMACY #2222 Q03   PHILADELPHIA PA 
105|('Monterey', 'CA')|FOREVER 21 #3533         MONTEREY     CA 
106|('San Antonio', 'TX')|USAA INS PREMIUM         SAN ANTONIO  TX 
107||FRESH MKT-014 SPA 
108|('San Diego', 'CA')|FRESH MXN FOOD - ROSE    SAN DIEGO    CA 
109|('Albuquerque', 'NM')|FRGNC                    ALBUQUERQUE  NM 
110|('Tucson', 'AZ')|FRYS-FOOD-DRG #137       TUCSON       AZ 
111|('Marana', 'AZ')|FRYS-FUEL #7689          MARANA       AZ 
112||FT BELVOIR SHOP/CLASFORT BELVOI 36509696   GOVERNMENT SERVICE 
113||FT LAUD P PARKING METE   FT LAUDERDALEFL 
114|('Mc Kinney', 'TX')|FUZZYS TACO SHOP         MCKINNEY     TX 
115|('Tucson', 'AZ')|GO! CALENDARS            TUCSON       AZ 
116|('North Las Vegas', 'NV')|GRIP PHONE PROTECTION    LAS VEGAS    NV 
117|('Williamsburg', 'VA')|GUESS #3156              WILLIAMSBURG VA 
118||HAVEN IN PARIS           978-4059420  MA 
119|('San Antonio', 'TX')|USAA FSB-OVERDRAFT       SAN ANTONIO  TX 
120|('Allentown', 'PA')|HESS 38363               ALLENTOWN    PA 
121|('San Antonio', 'TX')|HOBBY-LOBBY #0123        SAN ANTONIO  TX 
122|('Conway', 'AR')|HOLIDAY INN EXPRESS &    CONWAY       AR 
123|('Appleton', 'WI')|HOLIDAY INNS APPLETON    APPLETON     WI 
124|('Lawrence', 'KS')|HOLLYWOOD THEATERS # 8   LAWRENCE     KS 
125|('Little Rock', 'AR')|HONEYBAKED HAM #1201     LITTLE ROCK  AR 
126|('San Antonio', 'TX')|HOTEL VALENCIA - RI      SAN ANTONIO  TX 
127|('Dalton', 'GA')|IHOP 4401                DALTON       GA 
128|('College Park', 'MD')|IKEA COLLEGE PARK        COLLEGE PARK MD 
129||INDIANA TOLL ROADS       8668995849   PA 
130|('Gatlinburg', 'TN')|INTEGRITY DESIGNS &      GATLINBURG   TN 
131|('Tewksbury', 'MA')|IRA TOYOTA SCION TEWKS   TEWKSBURY    MA 
132||JACK IN THE BOX 5339ROSAMOND    63600173    661-256-5920 
133|('Las Vegas', 'NV')|JACK IN THE BOX 726QPS   LAS VEGAS    NV 
134||JACKSONVILLE NAS COMMISS JACKONSVILLE FL 
135|('Park City', 'UT')|JEREMY STORE 00403428    PARK CITY    UT 
136|('O Fallon', 'IL')|JIMMY JOHNS - 277        O FALLON     IL 
137||JSIX RESTAURANT (2) 
138|('Greenville', 'NC')|K & W CAFETERIAS #46     GREENVILLE   NC 
139||KABUKI JAPANESE STEAKH   VIRGINIA BEACVA 
140|('Kahului', 'HI')|KAHULUI AIRPORT PARKING AKAHULUI HI 
141||KANGAROO                 NORTH CHARLESSC 
142|('Gainesville', 'FL')|KANGAROO EXPRESS 6162    GAINESVILLE  FL 
143||KCE POPEYES CHICKEN      APO          XX 
144|('Bridgewater', 'NJ')|KFC L367009   24570095   BRIDGEWATER  NJ 
145|('San Antonio', 'TX')|KFC/TACO BELL #2081Q65   SAN ANTONIO  TX 
146|('Lewisville', 'TX')|KING KONG SHOE REPA      LEWISVILLE   TX 
147|('Dayton', 'OH')|KOHL'S #0205 DAYTON OH 
148|('Grand Prairie', 'TX')|KRYSTAL DFWF02           GRAND PRAIRIETX 
149|('San Antonio', 'TX')|USAA INS PREMIUM         SAN ANTONIO  TX 
150|('Horn Lake', 'MS')|KWIK SHOP #300           HORN LAKE    MS 
151|('Manchester', 'NH')|LA CARRETA MEXICAN RES   MANCHESTER   NH 
152||LA FITNESS               09492558100  CA 
153|('Chesapeake', 'VA')|WAL-MART #1682           CHESAPEAKE   VA 
154|('San Diego', 'CA')|LA PINATA                SAN DIEGO    CA 
155||LANDS END                08003324700  WI 
156|('Columbia', 'MD')|LIFE TIME CAFE 148Q46    COLUMBIA     MD 
157|('Lincoln', 'NE')|LINCOLN JOURNAL STAR C   LINCOLN      NE 
158|('La Jolla', 'CA')|LIVING ROOM OF LAJ QPS LA JOLLA     CA 
159|('Gaithersburg', 'MD')|LOWES #00223*            GAITHERSBURG MD 
160|('San Antonio', 'TX')|USAA INS PREMIUM         SAN ANTONIO  TX 
161|('Temecula', 'CA')|LOWES #00775*            TEMECULA     CA 
162|('Henderson', 'NV')|LOWES #01033*            HENDERSON    NV 
163||LULULEMON BILTMORE  PHOENIX     000113      SPORTING GOODS STORE 
164|('Luverne', 'MN')|LUVERNE FARM STORE       LUVERNE      MN 
165|('New York City', 'NY')|MACY'S #003 HERALD S 0030NEW YORK     NY 
166|('Sherman Oaks', 'CA')|MACY'S EAST #501         SHERMAN OAKS CA 
167||MADIGAN GAS PUMPS   FT LEWIS    36412648   GOVERNMENT SERVICE 
168|('Monteagle', 'TN')|MAPCO MART #3540         MONTEAGLE    TN 
169|('Hill Afb', 'UT')|AAFES HILL MINI MALL G   HILL AFB     UT 
170|('Normal', 'IL')|MARATHON PETRO012377   NORMAL       IL 
171|('Clarksville', 'TN')|MARATHON PETRO063719     CLARKSVILLE  TN 
172|('Kenosha', 'WI')|MARSHALLS #155           KENOSHA      WI 
173||MAUERMUSEUM AM CHECKPO   BERLIN       DF 
174|('Las Vegas', 'NV')|MCCARRAN INT L AIRPORT   LAS VEGAS    NV 
175||MCCS MARINE CO91010017   KANEOHE BAY  HI 
176|('Quantico', 'VA')|MCCS-QUANTICA 12010047   QUANTICO     VA 
177|('Boulder', 'CO')|MCGUCKIN HARDWARE        BOULDER      CO 
178||MCKEEVER PRICE CHO       LENEXA       KS 
179|('Taylor', 'MI')|MEIJER INC #035    Q01   TAYLOR       MI 
180|('Schererville', 'IN')|MENARDS 3124             SCHERERVILLE IN 
181||MIDTOWN                  WASHINGTON   DC 
182|('Missoula', 'MT')|MISMO GYMNASTICS         MISSOULA     MT 
183|('Chicago', 'IL')|MCDONALD'S F5618         CHICAGO      IL 
184|('San Antonio', 'TX')|USAA INS PREMIUM         SAN ANTONIO  TX 
185|('Saint Paul', 'MN')|MISSISSIPPI MARKET - S   SAINT PAUL   MN 
186|('Key West', 'FL')|MWR BEACH PATI10280170   KEY WEST     FL 
187||MY GOODS 76   10069623   TIGARD       OR 
188|('Shreveport', 'LA')|N CAHOOTS                SHREVEPORT   LA 
189||NAPLES COMMISSARY        ITALY        AE 
190||NAVTEQ                   08664628837  UT 
191|('Norfolk', 'VA')|NAVY EXCHANGE 050002     NORFOLK      VA 
192||NAVY EXCHANGE 060122     ATLANTIC BEACFL 
193|('Raleigh', 'NC')|NCSU ALL CAMPUS MICQPS   RALEIGH      NC 
194|('Omaha', 'NE')|NEBRASKA FURNITURE       OMAHA        NE 
195|('Johns Island', 'SC')|NEWTON FARM 140          JOHNS ISLAND SC 
196|('Norfolk', 'VA')|NEX FUEL 050039        NORFOLK      VA 
197|('Lake Harmony', 'PA')|NICK'S LAKE HOUSE        LAKE HARMONY PA 
198|('Amsterdam', 'NY')|NICOLINOS                AMSTERDAM    NY 
199|('Austin', 'TX')|NORDSTROM #0736          AUSTIN       TX 
200|('Wakefield', 'RI')|NORTHUP'S IMPORTED CAR   WAKEFIELD    RI 
201||ONSTARCALLINGMINUTESTELECOMM 10896340   134560713        48083 
202|('Cincinnati', 'OH')|PACSUN #0152             CINCINNATI   OH 
203|('Sebastian', 'FL')|WAL-MART #1068           SEBASTIAN    FL 
204|('Brandon', 'FL')|PANDA EXPRESS 1210       BRANDON      FL 
205||PANERA BREAD #3072       LONE TREE    CO 
206|('Burke', 'VA')|PAPA JOHNS #2088.COM     BURKE        VA 
207|('Wilson', 'NC')|PAULS OF NEW YORK ITAL   WILSON       NC 
208||PAYLESS SHOES #0992 MIRAMAR     PAYLESS SHOESOURCE MI 
209|('Fayetteville', 'WV')|MCDONALD'S F34006        FAYETTEVILLE WV 
210||PC ONE COMPANY           DOHA         QA 
211|('Escondido', 'CA')|PC&F ESCONDIDO10080687   ESCONDIDO    CA 
212||PERICOS MEXICAN RESTSAN ANTONIO 10156320111 2104026006 
213|('Greensboro', 'NC')|PHOENIX ASIAN CUISINE    GREENSBORO   NC 
214|('Panama City', 'FL')|PIER 98 CONVENIENCE      PANAMA CITY  FL 
215|('Knoxville', 'TN')|PILOT         00009340   KNOXVILLE    TN 
216|('Hampton', 'VA')|PLAZA AZTECA             HAMPTON      VA 
217||AAFES HEIDELBERG MAIN    APO          AE 
218||PLUM DISTRICT            04157773757  CA 
219|('Wilmington', 'NC')|PT'S OLD FASHIONED GRI   WILMINGTON   NC 
220||PUBLIX #1303             FORT WALTON BFL 
221||QUARTER MASTER           562-3047300  CA 
222|('Dallas', 'TX')|RACETRAC609   00006098   DALLAS       TX 
223|('Punta Gorda', 'FL')|RACEWAY766    80507668   PUNTA GORDA  FL 
224|('Chicago', 'IL')|RACINE PLUMBING          CHICAGO      IL 
225|('Alexandria', 'VA')|RAMPARTS                 ALEXANDRIA   VA 
226||RAMSTEIN KMCC MACGRILL   APO          AE 
227|('Pearland', 'TX')|RANDALLS FUEL 10046126   PEARLAND     TX 
228|('San Antonio', 'TX')|RED ROBIN NORTHWOODS#363 SAN ANTONIO  TX 
229|('Atlanta', 'GA')|REGAL CINEMAS ATLANTIC   ATLANTA      GA 
230||REGAL CINEMAS LIVE OAK   LIVE OAK     TX 
231||REGAL CINEMAS MAGNOLIA   CORAL SPRINGSFL 
232|('Enterprise', 'AL')|RITE AID #7093     Q05   ENTERPRISE   AL 
233|('Chicago', 'IL')|RODITYS RESTAURANTS      CHICAGO      IL 
234|('Arlington', 'TX')|KROGER #0543             ARLINGTON    TX 
235||S*MICHIKO LONDON         CLAREMONT    ZA 
236||SAINSBURYS S/MKTS        BANBURY      GB 
237|('Oak Brook', 'IL')|SAVWAY FINE WINES & SP   OAK BROOK    IL 
238||SECURITY ADJUSTMENT (OF) 
239||SEVEN DWARF'S MINE       LAKE BUENA VIFL 
240|('Palm Springs', 'CA')|SHELL OIL 574418255QPS   PALM SPRINGS CA 
241|('Loves Park', 'IL')|SHELL OIL 574421400QPS   LOVES PARK   IL 
242|('Silverton', 'OR')|SHELL OIL 574421934QPS   SILVERTON    OR 
243|('Oak View', 'CA')|SHELL OIL 574429940QPS   OAK VIEW     CA 
244|('San Antonio', 'TX')|SHELL OIL 57542572706    SAN ANTONIO  TX 
245|('Ocoee', 'FL')|SHELL OIL 57543701908    OCOEE        FL 
246|('San Antonio', 'TX')|SHELL OIL 57544009004    SAN ANTONIO  TX 
247||SHELL OIL 57544195001    DUNWOODY     GA 
248|('Livingston', 'AL')|SHELL OIL 57545003709    LIVINGSTON   AL 
249||SHENANIGAN'S IRISH 
250||SHIPBOARD CHARGES D      LAKE BUENA VIFL 
251|('San Antonio', 'TX')|WAL-MART #2599           SAN ANTONIO  TX 
252|('Hope Mills', 'NC')|SHORT STOP #5      QPS   HOPE MILLS   NC 
253||SMASHBURGER #1022 5429298SALT LAKE CITUT 
254||SMITHSONIAN STUDENT TRAVE888-3339756  MA 
255|('Denver', 'CO')|SOBO 151                 DENVER       CO 
256||SOCCER USA INC 04        FARRAGUT     TN 
257|('Cambridge', 'MA')|SOFRA                    CAMBRIDGE    MA 
258|('Haymarket', 'VA')|CVS #8966                HAYMARKET    VA 
259|('Dallas', 'TX')|SOUTHWES 5260603745026   DALLAS       TX 
260||STAMPEDE PEST CONTROL    8328897474   TX 
261|('Grandville', 'MI')|STAPLES       00116210   GRANDVILLE   MI 
262|('Carlsbad', 'CA')|STARBUCKS CORP00054544   CARLSBAD     CA 
263|('San Antonio', 'TX')|USAA INS PREMIUM         SAN ANTONIO  TX 
264|('Atlanta', 'GA')|STARBUCKS D AT201523 5311ATLANTA      GA 
265||STARBUCKS F8 O31281512 
266|('Midlothian', 'VA')|SAMSCLUB #6354           MIDLOTHIAN   VA 
267||STEIN-MART #0118         NORTH LITTLE AR 
268|('Fishers', 'IN')|SUBWAY        00245589   FISHERS      IN 
269|('Dover', 'DE')|SUBWAY        00487793 DOVER        DE 
270||SUBWAY 00253518 
271|('Denver', 'CO')|SUNFLOWER MARKETS  DEN   DENVER       CO 
272||SUNOCO 0301787800        DUPONT       PA 
273|('Stuart', 'FL')|SUNOCO 0613442301      STUART       FL 
274|('Punta Gorda', 'FL')|SUNOCO 0943457200        PUNTA GORDA  FL 
275|('Puyallup', 'WA')|SUNRISE VILLAGE BIGFOO   PUYALLUP     WA 
276|('South San Francisco', 'CA')|SUNSET SHAPERS           SAN FRANCISCOCA 
277|('Costa Mesa', 'CA')|SWAT 650000000033236     COSTA MESA   CA 
278|('Monroe', 'LA')|T J MAXX #1126           MONROE       LA 
279|('San Antonio', 'TX')|USAA INS PREMIUM         SAN ANTONIO  TX 
280|('Columbia', 'MO')|T.H.E. CHIROPRACTIC &    COLUMBIA     MO 
281|('Pensacola', 'FL')|TACO BELL #026778 0267   PENSACOLA    FL 
282|('Clarksville', 'TN')|TACO BELL #16200162172   CLARKSVILLE  TN 
283||TACONY                   PHILADELHPHIAPA 
284|('Cockeysville', 'MD')|TALBOTS #0273            COCKEYSVILLE MD 
285|('Phoenix', 'AZ')|TARGET        00011411   PHOENIX      AZ 
286|('Houston', 'TX')|TARGET        00014357   HOUSTON      TX 
287|('Hilo', 'HI')|TARGET        00015396   SHILOH       IL 
288|('Mc Kinney', 'TX')|CVS #5952                MCKINNEY     TX 
289||TARGET        00023002   RICHFIELD    MN 
290|('Aurora', 'CO')|SAMSCLUB #4816           AURORA       CO 
291|('Aurora', 'CO')|TARGET T2458 2458        AURORA       CO 
292|('Round Rock', 'TX')|TARKA ROUND ROCK L       ROUND ROCK   TX 
293|('Monroe', 'NY')|THE CAPTAINS TABLE       MONROE       NY 
294||THE FIRM FITNESS CENTE   REHOBOTH BCH DE 
295|('Temecula', 'CA')|THE HOME DEPOT 1028      TEMECULA     CA 
296|('Marietta', 'GA')|KROGER 356 000000356     MARIETTA     GA 
297|('San Antonio', 'TX')|THE HOME DEPOT 588       SAN ANTONIO  TX 
298|('Indianapolis', 'IN')|THE MAILING STATION IN   INDIANAPOLIS IN 
299|('Daytona Beach', 'FL')|THE OLIVE GARD00010041   DAYTONA BEACHFL 
300|('Asheville', 'NC')|THE OLIVE GARD00014670   ASHEVILLE    NC 
301|('Greensboro', 'GA')|THE RITZ CARLTON RYNLD   GREENSBORO   GA 
302|('Columbus', 'OH')|THE SOCIAL ROOM          COLUMBUS     OH 
303|('Rochester', 'MN')|TIPS AND TOES            ROCHESTER    MN 
304|('Sedona', 'AZ')|TOMMY HILFIGER #059 0076 SEDONA       AZ 
305||TOTAL 4118 SHAMROCK      HIGHLANDS RA CO 
306|('Austin', 'TX')|TPWD - STATE PARKS       AUSTIN       TX 
307||TRADER JOE'S #042  QPS   LA CANADA    CA 
308|('Annapolis', 'MD')|TRADER JOE'S #650  QPS 65ANNAPOLIS    MD 
309||TRADER JOE'S #664 QPS 
310|('Melbourne', 'FL')|WAL-MART #0956           MELBOURNE    FL 
311|('Marietta', 'GA')|TRADER JOE'S #732  QPS   MARIETTA     GA 
312|('Dover', 'DE')|SAMSCLUB #6330           DOVER        DE 
313|('Cary', 'NC')|TRADER JOE'S #741  QPS CARY         NC 
314||TRAVEL GUARD GROUP       08008261300  WI 
315|('Palm Springs', 'CA')|TRIO RESTAURANT          PALM SPRINGS CA 
316|('Jacksonville', 'FL')|TROPICAL SMOOTHIE AR-12  JACKSONVILLE FL 
317|('Richmond', 'VA')|UA WEST TOWER CINEMAS 10 RICHMOND     VA 
318|('Mesa', 'AZ')|USPS 03522695523800543   MESA         AZ 
319|('Offutt A F B', 'NE')|AAFES OFFUTT AFB MAIN    OFFUTT AFB   NE 
320||USPS 05678103011026168   AP           CA 
321|('Brighton', 'CO')|USPS 07233095520306189   BRIGHTON     CO 
322|('Nashville', 'IL')|USPS 16549605630747307   NASHVILLE    IL 
323||USPS PO BOXES 66101510   WASHINGTON   DC 
324|('Lafayette', 'LA')|VALERO 1731              LAFAYETTE    LA 
325||VALU HOME CNT 0814 QPS   WILLIAMSVILLENY 
326||VEND AT E PORT           8668995849   PA 
327||VETERINARY SPECIALISW HARTFORD  8602363273 
328|('Bakersfield', 'CA')|VONS     STORE00024208   BAKERSFIELD  CA 
329|('Upland', 'CA')|VONS     STORE00026815 UPLAND       CA 
330|('New York City', 'NY')|WALL STREET WINE MERCH   NEW YORK     NY 
331|('New York City', 'NY')|WALL STREET WINE MERCH   NEW YORK     NY 
332|('Bethesda', 'MD')|WASH METRORAIL00012328   BETHESDA     MD 
333||WATERMANS HB 
334|('Medford', 'NJ')|WAWA 915      00009159   MEDFORD      NJ 
335|('Fairfield', 'CA')|CVS PHARMACY #3075       FAIRFIELD    CA 
336|('Lumberton', 'NJ')|WAWA 957      00009571   LUMBERTON    NJ 
337||PALM
338|('Penfield', 'NY')|WEGMANS #063             PENFIELD     NY 
339|('Gaithersburg', 'MD')|WENDYS #0103       Q25   GAITHERSBURG MD 
340|('South Easton', 'MA')|WENDYS #2499       Q25   SOUTH EASTON MA 
341|('Wilmington', 'NC')|WEST MARINE 1267         WILMINGTON   NC 
342|('Orlando', 'FL')|WHITE WOLF CAFE          ORLANDO      FL 
343|('Hingham', 'MA')|WHOLEFDS HGM 10159       HINGHAM      MA 
344||WHOLEFDS PPK 10146       COLORADO SPRICO 
345|('Reston', 'VA')|WHOLEFDS RES 10061       RESTON       VA 
346|('Rockville', 'MD')|WHOLEFDS RWF 10235       ROCKVILLE    MD 
347|('Springfield', 'VA')|WHOLEFDS SPR 10056       SPRINGFIELD  VA 
348|('Elizabeth', 'NJ')|WINE CELLAR LIQUOR STO   ELIZABETH    NJ 
349|('Alpharetta', 'GA')|WM SUPERCENTER           ALPHARETTA   GA 
350|('Appomattox', 'VA')|WM SUPERCENTER           APPOMATTOX   VA 
351|('Austin', 'TX')|WM SUPERCENTER           AUSTIN       TX 
352||WM SUPERCENTER           PUEBLO WEST  CO 
353|('Syracuse', 'NY')|YANKEE CANDLE 0263       SYRACUSE     NY 
354||AAFES FT BRAGG MIL SHP   FT BRAGG     NC 
355||AAFES MAXWELL SERV QPS   MAXWELL AFB  AL 
356|('Paris', 'AR')|22 FOOD STORE 694 1005751PARIS        AR 
357|('Ridgecrest', 'CA')|349 MINIT SHOP           RIDGECREST   CA 
358|('Oklahoma City', 'OK')|7 ELEVEN  49  00000497   OKLAHOMA CITYOK 
359|('Kailua', 'HI')|76                       KAILUA       HI 
360|('Santa Barbara', 'CA')|7620 SBC PARK DEPT       SANTA BARBARACA 
361|('Haymarket', 'VA')|7-ELEVEN 20412           HAYMARKET    VA 
362||7-ELEVEN 20968 
363|('Carbondale', 'CO')|7-ELEVEN 22088           CARBONDALE   CO 
364|('Orlando', 'FL')|7-ELEVEN 25088           ORLANDO      FL 
365|('Orlando', 'FL')|7-ELEVEN 33351 0007333510ORLANDO      FL 
366||AAFES AF SHARANA WEST    APO          AE 
367||AAFES CHA GAS PUMPS      CHARLESTON AFSC 
368|('Eielson Afb', 'AK')|AAFES EIELSON SHOPPING   EIELSON AFB  AK 
369||AAFES FT MEYER MAIN ST   FORT MYER    VA 
370||AAFES KMCC MALL          APO          AE 
371|('San Antonio', 'TX')|ADI AT SALON BY JC       SAN ANTONIO  TX 
372|('Spring Lake', 'NC')|ADVANCE AUTO PARTS #46   SPRING LAKE  NC 
373|('Seattle', 'WA')|ALASKA AIR  0272180138 SEATTLE      WA 
374||ALBERTSONS #6510 
375||ALDO US #2087            4144751750   WI 
376||ALL PRO CLASSICS INC 00-0HOT SPRINGS  AR 
377|('San Antonio', 'TX')|ALTEX ELECTRONICS 0067   SAN ANTONIO  TX 
378||AMC ROSEDALE 101006519   ROSEDALE     MN 
379|('Olathe', 'KS')|AMC STUDIO KC 05006101   OLATHE       KS 
380|('Dallas', 'TX')|AMERICAN 00123014130610  DALLAS       TX 
381|('Seattle', 'WA')|AMSTERDAM                SEATTLE      WA 
382|('Annapolis', 'MD')|ANN TAYLOR LOFT #1483    ANNAPOLIS    MD 
383|('Philadelphia', 'PA')|APPLE STORE 162          PHILADELPHIA PA 
384|('Albuquerque', 'NM')|APPLEBEES 793963379390   ALBUQUERQUE  NM 
385|('Atlanta', 'GA')|APW ATLANTA A          ATLANTA      GA 
386|('Buford', 'GA')|ARBY'S #5590  00055905   BUFORD       GA 
387|('Springfield', 'IL')|ARBY'S #6683  00066837   SPRINGFIELD  IL 
388||AUSTELL NATURAL GAS      770-948-1841 GA 
389|('Austin', 'TX')|AUSTIN HAI KY LLC        AUSTIN       TX 
390|('Honolulu', 'HI')|BACCHUS WAIKIKI          HONOLULU     HI 
391|('Omaha', 'NE')|BAG N SAVE 09            OMAHA        NE 
392|('Stafford', 'VA')|BANFIELD 1174            STAFFORD     VA 
393|('Kansas City', 'KS')|BARIK FUEL STATION       KANSAS CITY  KS 
394||BARNES & NOBLE #2040     WASHINGTON   DC 
395|('Minneapolis', 'MN')|BARNES & NOBLE #2564     MINNEAPOLIS  MN 
396|('Farmington', 'CT')|BED BATH & BEYOND #239   FARMINGTON   CT 
397|('Issaquah', 'WA')|BEN & JERRY'S ISSA       ISSAQUAH     WA 
398|('Barboursville', 'WV')|BEST BUY      00005736   BARBOURSVILLEWV 
399|('North Wales', 'PA')|BEST BUY MHT  00005256   NORTH WALES  PA 
400|('Parker', 'CO')|BEST BUY MHT  00014100   PARKER       CO 
401|('Choctaw', 'OK')|BLOCKBUSTER INC#40079    CHOCTAW      OK 
402||BMC WESTSIDE OPTICAL     5413822811   OR 
403|('Zanesville', 'OH')|BOB EVANS REST #0097     ZANESVILLE   OH 
404|('Jasper', 'GA')|BOJANGLES 795 07007958   JASPER       GA 
405||BOTTOM OF THE CUP
406|('Omaha', 'NE')|BUCKY'S EXPRESS 61.QPS   OMAHA        NE 
407||BULK PLANT FUEL ISLACLARKSVILLE 000136302   9313589303 
408|('Honolulu', 'HI')|BVO-DH MAIN #3           HONOLULU     HI 
409||BYRON                    LONDON 515   GB 
410|('Rogers', 'MN')|CABELAS RETAIL ROGERS    ROGERS       MN 
411|('Saint Paul', 'MN')|CARIBOU COFFEE CO #1174 0ST. PAUL     MN 
412|('Austin', 'TX')|CENTRAL MARKET #420      AUSTIN       TX 
413|('San Jose', 'CA')|CENTURY THEATRES 47QPS   SAN JOSE     CA 
414|('Raleigh', 'NC')|CHAMPPS #65238           RALEIGH      NC 
415|('Bedford', 'PA')|CHARIOT RENT A CAR       BEDFORD      PA 
416||CHEDDAR S #250           WICHITA      TX 
417||CHEDDAR S #460           SAN          TX 
418||CHEDDARS'S               HARKER       TX 
419|('Miami Beach', 'FL')|CHEVRON 0047582          MIAMI BEACH  FL 
420|('Houston', 'TX')|CHEVRON 0108044    Q61   HOUSTON      TX 
421||CHEVRON 0202648          PLANTATION   FL 
422|('Katy', 'TX')|CHEVRON 0202710          KATY         TX 
423|('Alpharetta', 'GA')|CHICK-FIL-A # 00873      ALPHARETTA   GA 
424|('Toledo', 'OH')|CHICK-FIL-A #00107       TOLEDO       OH 
425|('Gainesville', 'FL')|CHICK-FIL-A #00205       GAINESVILLE  FL 
426||CHILDREN'S PLACE #4094   MIDWEST CITY OK 
427|('Shawnee', 'OK')|CHILI'S GRI70200007021   SHAWNEE      OK 
428|('Dallas', 'TX')|CHILI'S GRILL 00000711   Dallas       TX 
429||CHRISTOPHER'S SPORTS & 
430|('Ellsworth', 'ME')|CIRCLE K 07009           ELLSWORTH    ME 
431||CITY EXTRA               SYDNEY       AU 
432|('Portland', 'OR')|COLON CARE               PORTLAND     OR 
433|('Chicago', 'IL')|CONNIES PIZZA            CHICAGO      IL 
434|('Iva', 'SC')|CONSILIENCE              LOS OLIVAS   CA 
435|('Houston', 'TX')|CONTINEN 00526054506865  HOUSTON      TX 
436|('Costa Mesa', 'CA')|CORNERSTONE SMOG TEST    COSTA MESA   CA 
437||COSTCO WHSE #0330 00FREDERICK   017816000   3016441483 
438||COSTCO WHSE #0694 00VACAVILLE   011818000   7074537361 
439||COTE RESTAURANT          LONDON  WC2N GB 
440|('Hiawatha', 'KS')|COUNTRY CABIN            HIAWATHA     KS 
441|('Austin', 'TX')|COUNTY LINE ON THE LAK   AUSTIN       TX 
442|('San Antonio', 'TX')|CRACKER BARREL #154 SAN ASAN ANTONIO  TX 
443|('Hockessin', 'DE')|CROWNERY CHINESE RESTAURAHOCKESSIN    DE 
444|('Camp Lejeune', 'NC')|C-STORE       13020078   CAMP LEJEUNE NC 
445|('Healdsburg', 'CA')|CVS PHARMACY #1173       HEALDSBURG   CA 
446|('Springfield', 'VA')|CVS PHARMACY #1387 Q03   SPRINGFIELD  VA 
447|('Fairborn', 'OH')|CVS PHARMACY #3411 Q03   FAIRBORN     OH 
448|('San Diego', 'CA')|CVS PHARMACY #6332       SAN DIEGO    CA 
449|('Temecula', 'CA')|CVS PHARMACY #9918       TEMECULA     CA 
450|('Sacramento', 'CA')|CVS PHARMACY #9992       SACRAMENTO   CA 
451|('Decatur', 'GA')|DEKALB CO TAG RENEWAL    DECATUR      GA 
452|('Atlanta', 'GA')|DELTA ONBOARD            ATLANTA      GA 
453|('Leavenworth', 'KS')|DESIGNING WOMEN          LEAVENWORTH  KS 
454|('Flagstaff', 'AZ')|DESIGNS WEST HOME FURN   FLAGSTAFF    AZ 
455|('Wayne', 'PA')|DIANES SIDEWALK DELI     WAYNE        PA 
456|('Fairfax', 'VA')|DICK'S CLOTHING&SPORTI   FAIRFAX      VA 
457|('Chesapeake', 'VA')|DILLARD'S 172 GREENBRI CHESAPEAKE   VA 
458|('Midland', 'TX')|DRY CLEAN SUPER CENTER   MIDLAND      TX 
459||DURON #3642              WAKE         NC 
460|('Marietta', 'GA')|EAST COBB EYE CENTER     MARIETTA     GA 
461|('Houston', 'TX')|EDUCATIONAL CATERING I   HOUSTON      TX 
462||ELISA ILANA - PANDORA    04029263479  NE 
463|('Kansas City', 'MO')|ENTERPRISE RENT-A-CAR    KANSAS CITY  MO 
464|('Denver', 'CO')|EXEMPLA GSMC CAFETERIA   DENVER       CO 
465|('Bel Air', 'MD')|EXXONMOBIL    47869680   BEL AIR      MD 
466|('Stuart', 'FL')|EXXONMOBIL    97561492   STUART       FL 
467|('San Diego', 'CA')|EXXONMOBIL    97600266   SAN DIEGO    CA 
468||EXXONMOBIL    97611073   WESTLAKE VILLCA 
469||FAITH AND FREEDOM COAL   770-6221501  GA 
470|('Santa Monica', 'CA')|FAMIMA~$~~$~                 SANTA MONICA CA 
471|('Orlando', 'FL')|FAMOUS FOOTWEAR OUTLET   ORLANDO      FL 
472|('Pittsburgh', 'PA')|FOOT LOCKER 07830        PITTSBURGH   PA 
473|('Dallas', 'TX')|FOREVER XXI #716         DALLAS       TX 
474|('Glendale', 'AZ')|FOSSIL #235              GLENDALE     AZ 
475||FRESHGROUND ROASTING
476|('Philadelphia', 'PA')|FRESHNESS                PHILADELPHIA PA 
477|('Frisco', 'TX')|FRISCO - 16136 8000009043FRISCO       TX 
478|('Phoenix', 'AZ')|FRYS FUEL #7027          PHOENIX      AZ 
479||FT POLK COMMISSARY       FORT POLK    LA 
480||FT STEWART HARMON AVE GASFT STEWART   GA 
481||GENESIS RESTAURANTE      SAN JUAN     PR 
482|('Ellicott City', 'MD')|GIANT FOOD INC #143      ELLICOTT CITYMD 
483|('Silver Spring', 'MD')|GIANT FOOD INC #350      SILVER SPRINGMD 
484|('Brunswick', 'GA')|GOASIS BRUNSWICK   QPS   BRUNSWICK    GA 
485|('Charleston', 'SC')|GOODWILL - WEST ASHLEY   CHARLESTON   SC 
486|('Columbus', 'GA')|GOODWILL INDUSTRIES #3   COLUMBUS     GA 
487|('North Creek', 'NY')|GORE MTN SKI             NORTH CREEK  NY 
488||GUITAR CENTER #731       MATHEWS      NC 
489|('Hanscom Afb', 'MA')|HAN SS/APS GAS PUMPS     HANSCOM AFB  MA 
490|('Casa Grande', 'AZ')|HANKEL & CARPENTER LTD   CASA GRANDE  AZ 
491||HARDEE'S #0561           JEFFERSON CITMO 
492|('Mooresville', 'NC')|HARRIS TEETER #0274      MOORESVILLE  NC 
493||HARRIS TEETER #0369      VIRGINIA BEACVA 
494|('Hampstead', 'NC')|HARRIS TEETER #135       HAMPSTEAD    NC 
495||HAT WORLD
496|('Edmond', 'OK')|HEARTLAND OUTDOORS LLC   EDMOND       OK 
497||HEB GAS/CAR WASH #61     COLLEGE STATITX 
498|('Missouri City', 'TX')|HEB GAS/CARWASH #110     MISSOURI CITYTX 
499|('Bozeman', 'MT')|HEEB'S EAST MAIN GRO     BOZEMAN      MT 
500||HILTON COLOGNE           KOELN        DF 
501|('Rapid City', 'SD')|HOBBY-LOBBY #0200        RAPID CITY   SD 
502|('West Bend', 'WI')|HOBBY-LOBBY #257         WEST BEND    WI 
503|('Newark', 'NJ')|HUDSON NEWS NEWARK JV    NEWARK       NJ 
504||IHOP 1947                CLEAR LAKES STX 
505||INTERPARKING #1075       WASHINGTON   DC 
506|('Austin', 'TX')|ITUNES MUSIC STORE ITUNESAUSTIN       TX 
507|('Kaneohe', 'HI')|JAMBA JUICE #596 00000059KANEOHE      HI 
508||JEWISH COMMUNITY OF LO   LOUISIVLLE   KY 
509|('Port Richey', 'FL')|JOANN FABRIC #1333       PORT RICHEY  FL 
510|('Peoria', 'IL')|JOANN FABRIC #1637       PEORIA       IL 
511|('Fort Worth', 'TX')|JO-ANN STORE #2106       FORT WORTH   TX 
512|('Fort Worth', 'TX')|JO-ANN STORE #2106 FORT WORTH  TX CREDIT 
513|('Forest Lake', 'MN')|KARL'S KORNER 6608       FOREST LAKE  MN 
514|('Kenwood', 'CA')|KENWOOD VINEYARDS        KENWOOD      CA 
515|('Vista', 'CA')|KFC C301016   16010167   VISTA        CA 
516|('Spring Creek', 'NV')|KHOURY'S MINI MART       SPRING CREEK NV 
517|('Littleton', 'CO')|KING SOOPERS #0122 000000LITTLETON    CO 
518|('Alexandria', 'VA')|KINGTOWN GAS STAT 6613   ALEXANDRIA   VA 
519|('Madison', 'WI')|KLINKE CLEANERS #15      MADISON      WI 
520||KOHLS DEPT STORE 420LAKE ZURICH 042006728   8475509400 
521|('Houston', 'TX')|KROGER #356              HOUSTON      TX 
522|('Houston', 'TX')|KROGER FUEL CTR #7356    HOUSTON      TX 
523|('Baytown', 'TX')|KWIK KAR LUBE &  TUNE    BAYTOWN      TX 
524|('Baytown', 'TX')|KWIK KAR LUBE &  TUNE    BAYTOWN      TX 
525||LEHIGH REGIONAL MEDICA   239-3692101  FL 
526||LOVELY NAILS             DUNWOODY     GA 
527|('San Antonio', 'TX')|LOWES #01504*            SAN ANTONIO  TX 
528|('Honolulu', 'HI')|LOWES #02336*            HONOLULU     HI 
529|('Jacksonville', 'FL')|LOWE'S OF S. CENTRAL JACKJACKSONVILLE FL 
530|('Willow Grove', 'PA')|MACY*S EAST #0054        WILLOWGROVE  PA 
531|('Portland', 'OR')|MACY'S EAST #394         PORTLAND     OR 
532|('Miami', 'FL')|MACY'S EAST #777         MIAMI        FL 
533|('Occoquan', 'VA')|MADIGAN S WATERFRONT     OCCOQUAN     VA 
534|('Seattle', 'WA')|MARKET MAGIC             SEATTLE      WA 
535|('Allen', 'TX')|MARKET STREET #563       ALLEN        TX 
536||MASSAGE ENVY 0089        253-4445599  WA 
537|('Kansas City', 'MO')|MATERIAL RECOVERY & TR   KANSAS CITY  MO 
538|('Brandon', 'MS')|MCALISTERS DELI #10QPS   BRANDON      MS 
539|('Quantico', 'VA')|MCCS CONVENIENCE STORE USQUANTICO     VA 
540||MCCS MARINE AIR GROUND COTWENTYNIN PLMCA 
541||MCCS MARINE CORPS HAWAII MCBH K-BAY   HI 
542||MCDONALD'S F11177 
543||MCDONALD'S F12749 0000000MT VERNON    KY 
544|('West Ossipee', 'NH')|MCDONALD'S F14966 0000000WEST OSSIPEE NH 
545|('Auburn', 'AL')|MCDONALD'S F17562        AUBURN       AL 
546||MCDONALD'S F25757        NORTH LITTLE AR 
547|('Arlington', 'VA')|MCDONALD'S M4266 OF      ARLINGTON    VA 
548|('Union City', 'GA')|MCDONALD'S M4803 OF      UNION CITY   GA 
549||MCGUIRE COMMISSARY       MCGUIRE AFB  NJ 
550||MCKEEVER PRICE CHO       PARKVILLE    MO 
551|('Rossford', 'OH')|MEIJER #211        Q01   ROSSFORD     OH 
552||MENOMONEEFALLS CINEQPS   MENOMONEE FALWI 
553|('Fort Worth', 'TX')|MICHAELS #2048 FORT WORTH  TX     CREDIT 
554||MICROSOFT *ZUNE 
555|('Taylors Falls', 'MN')|MIKES GENERAL STORE      TAYLORS FALLSMN 
556|('Jacksonville', 'FL')|MILANO S AT KERNAN       JACKSONVILLE FL 
557|('Millington', 'TN')|MILANO'S PIZZA LLC       MILLINGTON   TN 
558|('Mobridge', 'SD')|MOBRIDGE PIZZA RANCH MOBRMOBRIDGE     SD 
559||MOLLY MAID OF NORTHEAST  818-673-8111 CA 
560|('New York City', 'NY')|MONKEY BAR               NEW YORK     NY 
561|('Minneapolis', 'MN')|MOTO-I                   MINNEAPOLIS  MN 
562|('Durant', 'OK')|MURPHY6835ATWALMRT       DURANT       OK 
563|('Shawnee', 'OK')|MURPHY7089ATWALMRT       SHAWNEE      OK 
564||MURPHY7238ATWALMRT       HUDSON OAKS  TX 
565|('Annapolis', 'MD')|NAVY EXCHANGE 050460 0003ANNAPOLIS    MD 
566|('Pearl Harbor', 'HI')|NAVY EXCHANGE 140160     PEARL HARBOR HI 
567||NAVY EXCHANGE 210027     FPO          AE 
568|('Boston', 'MA')|NE AQUARIUM              BOSTON       MA 
569||NETFLIX NONE        LOS GATOS   2145999172  NONE 
570||NETFLIX NONE        LOS GATOS   2170443230  NONE 
571|('Atlanta', 'GA')|NOCHE BROOKHAVEN         ATLANTA      GA 
572||NORDSTROM #0622          TOWNSON      MD 
573||NVCCLOUDOUNBKSTORE #65   703-430-9639 VA 
574|('Alexandria', 'VA')|OLD TOWN SERVICE STATION ALEXANDRIA   VA 
575|('Katonah', 'NY')|OLIVER'S                 KATONAH      NY 
576||OR VETERINARY MED EXAM BD971-6730224  OR 
577||OSAKA                    BEAVERCREEK  OH 
578|('Chantilly', 'VA')|OURISMAN CHANTILLY IMP   CHANTILLY    VA 
579|('Monroe', 'OH')|PACSUN #1146             MONROE       OH 
580|('Littleton', 'CO')|PANERA BREAD #3068       LITTLETON    CO 
581|('Chevy Chase', 'MD')|PANERA BREAD #3572 000000CHEVY CHASE  MD 
582|('West Nyack', 'NY')|PAPAYA CLOTHING          WEST NYACK   NY 
583|('Alexandria', 'VA')|PARKING METERS           ALEXANDRIA   VA 
584|('Cedar Hill', 'TX')|PARTY CITY #481          CEDAR HILL   TX 
585|('Devon', 'PA')|PATHMARK 76-248          DEVON        PA 
586|('Devon', 'PA')|PATHMARK 76-248          DEVON        PA 
587|('San Antonio', 'TX')|PAYMENT-THANK YOU        SAN ANTONIO  TX 
588|('San Antonio', 'TX')|PAYMENT-THANK YOU        SAN ANTONIO  TX 
589|('Pearl Harbor', 'HI')|PEARL HARBOR COMMISSAR   PEARL HARBOR HI 
590|('Grand Forks', 'ND')|PETCO  632    63506323   GRAND FORKS  ND 
591|('Austin', 'TX')|PETSMART INC 1185        AUSTIN       TX 
592|('Pottstown', 'PA')|PICTURE PEOPLE           POTTSTOWN    PA 
593||PILOT                    Lake Point   UT 
594|('Oak Grove', 'KY')|PILOT         00006627   OAK GROVE    KY 
595||PINNACLE CAR WASH 04GULF SHORES 003286781   AUTO SERVICE 
596||PMI BWI AIRPORT PARK     BWI AIRPORT  MD 
597||PMI BWI AIRPORT PARKNG   BWI AIRPORT  MD 
598|('Suwanee', 'GA')|POP'S WINE & SPIRIT      SUWANEE      GA 
599|('Woodstock', 'GA')|PUBLIX #463              WOODSTOCK    GA 
600|('West Des Moines', 'IA')|PURCHASE 12-29-11 EXECUTIVE LASE1500 W DES MOINES IA auth# 471777 
601||QT 881        08008815   FT WORTH     TX 
602|('Marysville', 'CA')|QUICKS GLASS SERVICE #   MARYSVILLE   CA 
603||RADIOLOGICAL SCTY NA W   06305907726  IL 
604|('Seattle', 'WA')|RADIOSHACK COR00133017 SEATTLE      WA 
605|('Fullerton', 'CA')|RALPHS #0067             FULLERTON    CA 
606||RAMST INNS - RAMSTEIN    APO          AE 
607|('Austin', 'TX')|RANDALLS STORE00024836   AUSTIN       TX 
608|('Catoosa', 'OK')|REASOR'S #17             CATOOSA      OK 
609|('Arlington', 'VA')|RESTAURANT 3             ARLINGTON    VA 
610|('Mc Lean', 'VA')|RITE AID STORE 3723Q05   MCLEAN       VA 
611||ROCK AUTO                06086611376  WI 
612|('Clovis', 'NM')|RODEN SMITH              CLOVIS       NM 
613|('Sierra Vista', 'AZ')|RODOLFOS TACO SHOP       SIERRA VISTA AZ 
614||ROSA'S CAFE #019         WATAUGA      TX 
615|('Las Vegas', 'NV')|ROSS STORES #703         LAS VEGAS    NV 
616||ROYAL MART #10 54292HARRISONBUR 228027285   5404322339 
617|('Rio Rancho', 'NM')|RR 5 CAFE     50168129   RIO RANCHO   NM 
618|('Chantilly', 'VA')|RUBY TUESDAY #2706       CHANTILLY    VA 
619|('Huntsville', 'AL')|RUGGBY'S                 HUNTSVILLE   AL 
620|('Puyallup', 'WA')|SAFEWAY  FUEL 10026409   PUYALLUP     WA 
621||SAFEWAY  STORE  1258DIXON       GROCERY STORE 
622||SAFEWAY  STORE  1294KENT        GROCERY STORE 
623|('Seattle', 'WA')|SAFEWAY  STORE00004234 SEATTLE      WA 
624|('Glendale', 'AZ')|SAFEWAY  STORE00015107   GLENDALE     AZ 
625|('Dallas', 'TX')|SAFEWAY FUEL  10036507   DALLAS       TX 
626|('Surprise', 'AZ')|SAM'S #4955              SURPRISE     AZ 
627|('Houston', 'TX')|SAMSCLUB #4721           HOUSTON      TX 
628|('Brooksville', 'FL')|SAMSCLUB #4818           BROOKSVILLE  FL 
629|('Austin', 'TX')|SAMSCLUB #6453           AUSTIN       TX 
630||SAMSCLUB #8267           CORPUS CHRIS TX 
631||SAMSCLUB #8277           WHITE SETTLEMTX 
632|('Pooler', 'GA')|SAMSCLUB 4820 GAS        POOLER       GA 
633|('Pooler', 'GA')|SAMSCLUB 4820 GAS        POOLER       GA 
634||SAMSCLUB 6524 GAS        COLONIAL HEIGVA 
635|('Round Rock', 'TX')|SANDELLA'S FLATBREAD C   ROUND ROCK   TX 
636|('Saugerties', 'NY')|SAUGERTIES ANIMAL H      SAUGERTIES   NY 
637||SCHNUCKS 177 SEVEN HOFALLON     219173330   6186325525 
638||SCOTT MCLENDON HARDWARE2 
639||SF RECREATION & PARKS    0001         CA 
640|('Brunswick', 'ME')|SHAW'S MARKET #7628    BRUNSWICK    ME 
641||SHELL OIL 57443305404    FAIRVIEW HEIGIL 
642||SHELL OIL 57443810809    LAKEWOOD     CO 
643|('Slidell', 'LA')|SHELL OIL 575244310QPS   SLIDELL      LA 
644|('Madisonville', 'TX')|SHELL OIL 57542203609    MADISONVILLE TX 
645|('Newport', 'RI')|SHELL OIL 575429787QPS   NEWPORT      RI 
646|('Woodbridge', 'VA')|SHELL OIL 57543992408    WOODBRIDGE   VA 
647|('Elgin', 'SC')|SHELL OIL 910027427QPS   ELGIN        SC 
648|('Ridgefield', 'WA')|SHELL OIL 930040957QPS   RIDGEFIELD   WA 
649|('Sumter', 'SC')|SIMPSONS ACE HARDWARE    SUMTER       SC 
650||SOUTH MOON UNDER 80 IN   410-641-1644 MD 
651|('Henderson', 'NV')|SPEEDEE MART #111        HENDERSON    NV 
652|('San Diego', 'CA')|SPORT CHALET  000059 4010SAN DIEGO    CA 
653|('Atlanta', 'GA')|SPORTS AUTHORI004267 0990ATLANTA      GA 
654||SPRINGS LIQUOR OUTLET    COLORADO SPRICO 
655|('Beech Island', 'SC')|SPRINT FOODS # 1         BEECH ISLAND SC 
656||ST PAUL EYE CLINIC OPTCTREAGAN        MN 
657||STAPLES       00115402   EAST LONGMEADMA 
658||STARBUCKS CORP00087965   MAYFLD HGHTS OH 
659||STARBUCKS CORP00102624   LONE TREE    CO 
660|('Breckenridge', 'CO')|STEAK AND RIB            BRECKENRIDGE CO 
661||STEGER MUKLUKS           218-3656553  MN 
662|('Poughkeepsie', 'NY')|STOP & SHOP #597         POUGHKEEPSIE NY 
663|('Madison', 'CT')|STOP & SHOP #624         MADISON      CT 
664|('Lusby', 'MD')|STOP & SHOP FUEL #343    LUSBY        MD 
665|('Cincinnati', 'OH')|SUBWAY        030890 2550CINCINNATI   OH 
666|('Littleton', 'CO')|SUBWAY        224493 2550LITTLETON    CO 
667||SUBWAY 00180372 
668|('Pavilion', 'NY')|SUGAR CREEK #150         PAVILION     NY 
669||SUNOCO 0323678301        SEVEN FIELDS PA 
670|('Sterling', 'VA')|SUNOCO 0398829201        STERLING     VA 
671|('Harvey', 'LA')|SUPERIOR HONDA           HARVEY       LA 
672|('Brooklyn', 'NY')|T J MAXX #1186           BROOKLYN     NY 
673|('Myrtle Beach', 'SC')|T MOBILE 9386            MYRTLE BEACH SC 
674|('Jacksonville', 'NC')|TACO BELL 001200012666   JACKSONVILLE NC 
675|('Sherwood', 'AR')|TACO BELL 591            SHERWOOD     AR 
676|('Leesburg', 'VA')|TALLY HO THEATRE         LEESBURG     VA 
677|('Albuquerque', 'NM')|TARGET        00003574   ALBUQUERQUE  NM 
678|('Austin', 'TX')|TARGET        00015420   AUSTIN       TX 
679|('Stafford', 'VA')|TARGET        00018572   STAFFORD     VA 
680|('El Paso', 'TX')|TARGET        00022160   EL PASO      TX 
681|('Annapolis', 'MD')|TARGET        00022715   ANNAPOLIS    MD 
682|('Anchorage', 'AK')|TARGET        00023713   ANCHORAGE    AK 
683||TAVERN BY THE SEA        NORTH KINGSTORI 
684|('Arlington', 'TX')|TEXAS AUTO               ARLINGTON    TX 
685|('Burke', 'VA')|THE ALLERGY & ASTHMA C   BURKE        VA 
686|('Los Alamos', 'NM')|THE COFFEE BOOTH         LOS ALAMOS   NM 
687|('Hanford', 'CA')|THE HOME DEPOT #1073     HANFORD      CA 
688|('Aberdeen', 'MD')|THE HOME DEPOT #2510     ABERDEEN     MD 
689|('Marietta', 'GA')|THE HOME DEPOT 111       MARIETTA     GA 
690|('Marietta', 'GA')|THE HOME DEPOT 111       MARIETTA     GA 
691||THE HOME DEPOT 132       CAROLLTON    GA 
692||THE HOME DEPOT 1512      FT. COLLINS  CO 
693|('West Des Moines', 'IA')|THE HOME DEPOT 2103      W. DES MOINESIA 
694|('Kannapolis', 'NC')|THE HOME DEPOT 3607      KANNAPOLIS   NC 
695|('Yuma', 'AZ')|THE HOME DEPOT 402       YUMA         AZ 
696||THE HOME DEPOT 4626      VIRGINIA BCH VA 
697|('Kemah', 'TX')|THE HOME DEPOT 6560      KEMAH        TX 
698|('Livermore', 'CA')|THE HOME DEPOT 6678      LIVERMORE    CA 
699||THE LITTLE RED BARN      PACE         FL 
700|('Woodbridge', 'VA')|THE MENS WEARHOUSE #35   WOODBRIDGE   VA 
701|('Destin', 'FL')|THE OLIVE GARD00016899   DESTIN       FL 
702||TIRE KINGDOM 294         BEAVERCREEK  OH 
703|('Canton', 'GA')|TJ MAXX #1131            CANTON       GA 
704|('Crestview', 'FL')|TOM THUMB 118      Q39   CRESTVIEW    FL 
705|('Gulfport', 'MS')|TONY'S BRICK OVEN PIZZ   GULFPORT     MS 
706|('Savannah', 'GA')|TOYS R US #8754    QPS   SAVANNAH     GA 
707|('Bennington', 'VT')|TRACTOR SUPPLY #753      BENNINGTON   VT 
708|('San Rafael', 'CA')|TRADER JOE'S #061  QPS   SAN RAFAEL   CA 
709|('Raleigh', 'NC')|TRADER JOE'S #746  QPS 74RALEIGH      NC 
710||TRIWEST HEALTHCARE PRI   08888749378  AZ 
711|('Fairborn', 'OH')|TSAOS CUISINE            FAIRBORN     OH 
712|('West Chester', 'OH')|UNITED DAIRY FARMERS #   WEST CHESTER OH 
713|('Scottsdale', 'AZ')|US TAX AID               SCOTTSDALE   AZ 
714|('San Antonio', 'TX')|USAA FSB-OVERDRAFT       SAN ANTONIO  TX 
715|('San Antonio', 'TX')|USAA FSB-OVERDRAFT       SAN ANTONIO  TX 
716|('San Antonio', 'TX')|USAA INS PREMIUM         SAN ANTONIO  TX 
717|('San Antonio', 'TX')|USAA INS PREMIUM         SAN ANTONIO  TX 
718|('San Antonio', 'TX')|USAA INS PREMIUM         SAN ANTONIO  TX 
719|('Enterprise', 'AL')|USPS 01276095517901620   ENTERPRISE   AL 
720||USPS 48470495524802845   KILEEN       TX 
721||UTAH-DMV OFFICES 80000089SALT LAKE CITUT 
722||UW MADISON DINING RETAIL 
723|('San Antonio', 'TX')|VALERO 1002 0000000006433SAN ANTONIO  TX 
724|('Tucson', 'AZ')|VALERO 1657              TUCSON       AZ 
725|('Fairfax', 'VA')|VICTORIA'S SECRET 0020   FAIRFAX      VA 
726|('San Francisco', 'CA')|VIRGIN A 98421305108790  SAN FRANCISCOCA 
727|('Burlingame', 'CA')|VIRGIN AM                BURLINGAME   CA 
728|('Las Vegas', 'NV')|VS SHOPPES @ PALAZZO 1459LAS VEGAS    NV 
729|('Oklahoma City', 'OK')|WALGREENS #4603          OKLAHOMA CITYOK 
730|('Greenwood', 'IN')|WALGREENS #5853          GREENWOOD    IN 
731|('Dothan', 'AL')|WALGREENS #7405          DOTHAN       AL 
732|('Flanders', 'NJ')|WAL-MART                 FLANDERS     NJ 
733|('Pearl', 'MS')|WAL-MART #0365           PEARL        MS 
734|('Kenedy', 'TX')|WAL-MART #0524           KENEDY       TX 
735|('La Place', 'LA')|WAL-MART #0961           LA PLACE     LA 
736|('Chattanooga', 'TN')|WAL-MART #1469           CHATTANOOGA  TN 
737|('Auburn', 'IN')|WAL-MART #1570         AUBURN       IN 
738|('La Vista', 'NE')|WAL-MART #1671           LA VISTA     NE 
739|('Marietta', 'GA')|WAL-MART #1766           MARIETTA     GA 
740||WAL-MART #3441           WHITE PLAINESNY 
741|('Marinette', 'WI')|WAL-MART SUPERCENTER#2545MARINETTE    WI 
742|('Cornwall', 'NY')|WASABI SESAME CORP       CORNWALL     NY 
743|('Gainesville', 'VA')|WAWA 651      00006510   GAINESVILLE  VA 
744|('Tonawanda', 'NY')|WENDY'S  #0815     Q25 00TONAWANDA    NY 
745|('Harrisburg', 'PA')|WENDYS0399 Q25 HARRISBURG PA 
746|('San Antonio', 'TX')|WHATABURGER 717    Q26   SAN ANTONIO  TX 
747|('Roseville', 'CA')|WHOLEFDS ROS 10230 000000ROSEVILLE    CA 
748||WINE NATION              POTOMAC      MD 
749|('Metairie', 'LA')|WINN-DIXIE   #1329 000001METAIRIE     LA 
750|('Dallas', 'TX')|WM SUPERCENTER           DALLAS       TX 
751|('Eatonton', 'GA')|WM SUPERCENTER           EATONTON     GA 
752|('Norman', 'OK')|WRIGHTS FAMILY MARKE     NORMAN       OK 
