keywords,city,Agg store_number,store_number,address,state,zip_codeCostco,Seattle,1,#1 #01 #001 #0001,4401 4th Avenue South,WA,98134-2389Costco,Portland,2,#2 #02 #002 #0002,4849 NE 138th Ave,OR,97230-3401Costco,Tukwila,6,#6 #06 #006 #0006,400 Costco Drive Suite 150,WA,98188-4808Costco,Kirkland,8,#8 #08 #008 #0008,8629 120th Avenue NE,WA,98033-5865Costco,Aloha,9,#9 #09 #009 #0009,15901 SW Jenkins Road,OR,97006-5098Costco,Anchorage,10,#10 #010 #0010 #00010,330 West Dimond Blvd,AK,99515-1950Costco,Silverdale,13,#13 #013 #0013 #00013,10000 Mickelberry Rd. NW,WA,98383-8302Costco,Eugene,17,#17 #017 #0017 #00017,2828 Chad Drive,OR,97408-7337Costco,Bellingham,19,#19 #019 #0019 #00019,4299 Guide Meridian Street,WA,98226-6475Costco,Danville,21,#21 #021 #0021 #00021,3150 Fostoria Way,CA,94526-5553Costco,Santa Maria,24,#24 #024 #0024 #00024,1335 South Bradley,CA,93454-8006Costco,Reno,25,#25 #025 #0025 #00025,2200 Harvard Way,NV,89502-4000Costco,Laguna Niguel,28,#28 #028 #0028 #00028,27972 Cabot Road,CA,92677-1211Costco,Roseville,29,#29 #029 #0029 #00029,6750 Stanford Ranch Road,CA,95678-1907Costco,Fresno,31,#31 #031 #0031 #00031,4500 W Shaw,CA,93722-6200Costco,Stockton,38,#38 #038 #0038 #00038,1616 East Hammer Lane,CA,95210-4119Costco,Santa Rosa,41,#41 #041 #0041 #00041,1900 Santa Rosa Avenue,CA,95407-7636Costco,Canoga Park,44,#44 #044 #0044 #00044,21300 Roscoe Boulevard,CA,91304-4200Costco,Van Nuys,48,#48 #048 #0048 #00048,6100 Sepulveda Boulevard,CA,91411-2503Costco,Burnaby,51,#51 #051 #0051 #00051,3550 Brighton Avenue,BC,V5A 4W3Costco,Richmond,54,#54 #054 #0054 #00054,9151 Bridgeport Road,BC,V6X 3L9Costco,Surrey,55,#55 #055 #0055 #00055,7423 King George Highway,BC,V3W 5A8Costco,Calgary,56,#56 #056 #0056 #00056,2853 32nd Street NE,AB,T1Y 6T7Costco,Winnipeg,57,#57 #057 #0057 #00057,1315 St. James Street,MB,R3H 0K9Costco,Kelowna,59,#59 #059 #0059 #00059,2479 Highway 97 N,BC,V1X 4J2Costco,Federal Way,61,#61 #061 #0061 #00061,35100 Enchanted Parkway South,WA,98003-8314Costco,Anchorage,63,#63 #063 #0063 #00063,4125 DeBarr Road,AK,99508-3115Costco,Tumwater,64,#64 #064 #0064 #00064,5500 Littlerock Road SW,WA,98512-7363Costco,Medford,65,#65 #065 #0065 #00065,3639 Crater Lake Highway,OR,97504-9259Costco,Spokane,66,#66 #066 #0066 #00066,7619 North Division Street,WA,99208-5613Costco,Missoula,67,#67 #067 #0067 #00067,3220 N. Reserve St,MT,59808-1338Costco,Salem,68,#68 #068 #0068 #00068,1010 Hawthorne Avenue SE,OR,97301-5090Costco,Billings,69,#69 #069 #0069 #00069,2290 King Avenue West,MT,59102-7415Costco,Pompano Beach,88,#88 #088 #0088 #00088,1800 West Sample Road,FL,33064-1324Costco,Davie,91,#91 #091 #0091 #00091,1890 South University Drive,FL,33324-5847Costco,Miami,92,#92 #092 #0092 #00092,8300 Park Boulevard,FL,33126-3832Costco,Lake Park,93,#93 #093 #0093 #00093,3250 Northlake Boulevard,FL,33403-1702Costco,Tacoma,95,#95 #095 #0095 #00095,2219 South 37th Street,WA,98409-7473Costco,Bozeman,96,#96 #096 #0096 #00096,2505 Catron Street,MT,59718-7993Costco,Clackamas,97,#97 #097 #0097 #00097,13130 SE 84th Avenue,OR,97015-9733Costco,Bend,101,#101 #0101 #00101 #000101,2500 Northeast Highway 20,OR,97701-6277Costco,Clarkston,103,#103 #0103 #00103 #000103,301 Fifth Street,WA,99403-1860Costco,Seattle,106,#106 #0106 #00106 #000106,1175 North 205th Street,WA,98133-3206Costco,Juneau,107,#107 #0107 #00107 #000107,5225 Commercial Boulevard,AK,99801-7210Costco,Issaquah,110,#110 #0110 #00110 #000110,1801 10th Avenue NW,WA,98027-5384Costco,Tigard,111,#111 #0111 #00111 #000111,7850 SW Dartmouth,OR,97223-8401Costco,East Wenatchee,112,#112 #0112 #00112 #000112,375 Highline Drive South,WA,98802-5344Costco,Salt Lake City,113,#113 #0113 #00113 #000113,1818 South 300 West,UT,84115-1805Costco,Everett,114,#114 #0114 #00114 #000114,10200 19th Avenue SE,WA,98208-4256Costco,Lynnwood,115,#115 #0115 #00115 #000115,19105 Highway 99,WA,98036-5228Costco,Albuquerque,116,#116 #0116 #00116 #000116,1420 Renaissance Boulevard NE,NM,87107-6811Costco,Westlake Village,117,#117 #0117 #00117 #000117,5700 Lindero Canyon Road,CA,91362-4063Costco,San Leandro,118,#118 #0118 #00118 #000118,1900 Davis Street,CA,94577-1209Costco,Kahului (Maui),119,#119 #0119 #00119 #000119,540 Haleakala Highway,HI,96732-2302Costco,Honolulu (Oahu),120,#120 #0120 #00120 #000120,333A Keahole Street,HI,96825-3428Costco,El Centro,121,#121 #0121 #00121 #000121,2030 North Imperial Avenue,CA,92243-1323Costco,Tustin,122,#122 #0122 #00122 #000122,2655 El Camino Real,CA,92782-8918Costco,Vista,124,#124 #0124 #00124 #000124,1755 Hacienda Drive,CA,92081-4546Costco,Eureka,125,#125 #0125 #00125 #000125,1006 West Wabash Avenue,CA,95501-2121Costco,Garden Grove,126,#126 #0126 #00126 #000126,11000 Garden Grove Boulevard,CA,92843-1206Costco,Carson City,127,#127 #0127 #00127 #000127,700 Old Clear Creek Road,NV,89705-6853Costco,Simi Valley,128,#128 #0128 #00128 #000128,2660 Park Center Drive,CA,93065-6207Costco,Santa Clara,129,#129 #0129 #00129 #000129,1601 Coleman Avenue,CA,95050-3100Costco,Los Angeles,130,#130 #0130 #00130 #000130,2901 Los Feliz Boulevard,CA,90039-1502Costco,Sand City,131,#131 #0131 #00131 #000131,801 Tioga Avenue,CA,93955-3051Costco,Vallejo,132,#132 #0132 #00132 #000132,198 Plaza Drive,CA,94591-3702Costco,Redding,133,#133 #0133 #00133 #000133,1300 Dana Drive,CA,96003-4071Costco,Clovis,135,#135 #0135 #00135 #000135,380 West Ashlan Avenue,CA,93612-5611Costco,Kailua-Kona (Hawaii),140,#140 #0140 #00140 #000140,73-5600 Maiau Street,HI,96740-2630Costco,Novato,141,#141 #0141 #00141 #000141,300 Vintage Way,CA,94945-5007Costco,Merced,142,#142 #0142 #00142 #000142,1445 R Street,CA,95340-5850Costco,Mountain View,143,#143 #0143 #00143 #000143,1000 North Rengstorff Avenue,CA,94043-1716Costco,San Francisco,144,#144 #0144 #00144 #000144,450 10th Street,CA,94103-4304Costco,Twin Falls,145,#145 #0145 #00145 #000145,731 Pole Line Road,ID,83301-3036Costco,Livermore,146,#146 #0146 #00146 #000146,2800 Independence Drive,CA,94550-7628Costco,Foster City,147,#147 #0147 #00147 #000147,1001 Metro Center Boulevard,CA,94404-2177Costco,San Jose,148,#148 #0148 #00148 #000148,2201 Senter Road,CA,95112-2627Costco,Santa Cruz,149,#149 #0149 #00149 #000149,220 Sylvania Avenue,CA,95060-2161Costco,Markham,151,#151 #0151 #00151 #000151,#1 York Tech Drive,ON,L6G 1A6Costco,Saskatoon,152,#152 #0152 #00152 #000152,115 Marquis Drive,SK,S7R 1C7Costco,Winnipeg,153,#153 #0153 #00153 #000153,1499 Regent Avenue West,MB,R2C 4M4Costco,Edmonton,154,#154 #0154 #00154 #000154,12450 149th St NW,AB,T5V 1G9Costco,Nanaimo,155,#155 #0155 #00155 #000155,6700 Island Highway North,BC,V9V 1K8Costco,Edmonton,156,#156 #0156 #00156 #000156,13650 50th Street,AB,T5A 4Y3Costco,Prince George,158,#158 #0158 #00158 #000158,2555 Range Road,BC,V2N 4G8Costco,Ajax,159,#159 #0159 #00159 #000159,150 Kingston Road East,ON,L1Z 1E5Costco,Lethbridge,160,#160 #0160 #00160 #000160,3200 Mayor Magrath Drive South,AB,T1K 6Y6Costco,Kamloops,161,#161 #0161 #00161 #000161,1675 Versatile Drive,BC,V1S 1W7Costco,Brampton,162,#162 #0162 #00162 #000162,100 Biscayne Crescent,ON,L6W 4S1Costco,Abbotsford,163,#163 #0163 #00163 #000163,1127 Sumas Way,BC,V2S 8H2Costco,Red Deer,164,#164 #0164 #00164 #000164,162 Leva Ave,AB,T4E 0A5Costco,Lantana,180,#180 #0180 #00180 #000180,1873 West Lantana Road,FL,33462-2698Costco,Miami,181,#181 #0181 #00181 #000181,16580 NW 59th Avenue,FL,33014-5611Costco,North Miami Beach,182,#182 #0182 #00182 #000182,14585 Biscayne Boulevard,FL,33181-1209Costco,Altamonte Springs,183,#183 #0183 #00183 #000183,741 Orange Avenue,FL,32714-3031Costco,Orlando,184,#184 #0184 #00184 #000184,2101 Waterbridge Blvd,FL,32837-9283Costco,Winter Park,185,#185 #0185 #00185 #000185,3333 University Boulevard,FL,32792-7428Costco,Duluth,187,#187 #0187 #00187 #000187,3980 Venture Drive,GA,30096-5077Costco,Atlanta,188,#188 #0188 #00188 #000188,6350 Peachtree Dunwoody Rd N.E.,GA,30328-4527Costco,Kennesaw,189,#189 #0189 #00189 #000189,645 Barrett Parkway NW,GA,30144-4922Costco,Norfolk,202,#202 #0202 #00202 #000202,850 Glenrock Road,VA,23502-3702Costco,Glen Burnie,203,#203 #0203 #00203 #000203,575 East Ordnance Road,MD,21060-6575Costco,Fairfax,204,#204 #0204 #00204 #000204,4725 West Ox Road,VA,22030-6101Costco,Glen Allen,205,#205 #0205 #00205 #000205,9650 West Broad Street,VA,23060-4115Costco,Nesconset,206,#206 #0206 #00206 #000206,3000 Middle Country Road,NY,11767-1072Costco,Baltimore,208,#208 #0208 #00208 #000208,9919 Pulaski Highway,MD,21220-1423Costco,Gaithersburg,213,#213 #0213 #00213 #000213,880 Russell Avenue,MD,20879-3506Costco,Beltsville,214,#214 #0214 #00214 #000214,10925 Baltimore Avenue (Route 1),MD,20705-2117Costco,Sterling,218,#218 #0218 #00218 #000218,21398 Price/Cascades Plaza,VA,20164-6607Costco,Wayne,221,#221 #0221 #00221 #000221,77 Willowbrook Boulevard,NJ,07470-7055Costco,Hazlet,222,#222 #0222 #00222 #000222,2835 Route 35 N.,NJ,07730-1516Costco,Manassas,225,#225 #0225 #00225 #000225,10701 Sudley Manor Drive,VA,20109-2845Costco,Westbury,226,#226 #0226 #00226 #000226,1250 Old Country Road,NY,11590-5641Costco,Springfield,227,#227 #0227 #00227 #000227,7373 Boston Boulevard,VA,22153-2805Costco,Holbrook,230,#230 #0230 #00230 #000230,125 Beacon Drive,NY,11741-4309Costco,Hackensack,231,#231 #0231 #00231 #000231,80 South River Street,NJ,07601-7110Costco,Arlington,233,#233 #0233 #00233 #000233,1200 South Fern Street,VA,22202-2862Costco,Melville,237,#237 #0237 #00237 #000237,625 Broadhollow Road,NY,11747-5007Costco,Harrisonburg,238,#238 #0238 #00238 #000238,1830 Reservoir Street,VA,22801-8742Costco,Winchester,239,#239 #0239 #00239 #000239,251 Front Royal Pike,VA,22602-7319Costco,Commack,240,#240 #0240 #00240 #000240,10 Garet Place,NY,11725-5421Costco,New Rochelle,241,#241 #0241 #00241 #000241,1 Industrial Lane,NY,10805-1203Costco,Long Island City,243,#243 #0243 #00243 #000243,32-50 Vernon Boulevard,NY,11106-4927Costco,East Hanover,244,#244 #0244 #00244 #000244,156 SR-10 West,NJ,07936-2107Costco,King of Prussia,245,#245 #0245 #00245 #000245,201 Allendale Road,PA,19406-1634Costco,Newark,246,#246 #0246 #00246 #000246,900 Center Boulevard,DE,19702-3221Costco,Newport News,247,#247 #0247 #00247 #000247,12121 Jefferson Avenue,VA,23602-6916Costco,North Wales,248,#248 #0248 #00248 #000248,740 Upper State Road,PA,19454-1403Costco,Durham,249,#249 #0249 #00249 #000249,1510 North Pointe Drive,NC,27705-3405Costco,South Calgary,251,#251 #0251 #00251 #000251,99 Heritage Gate SE,AB,T2H 3A7Costco,Barrie,252,#252 #0252 #00252 #000252,41 Mapleview Drive East,ON,L4N 9A9Costco,Burlington,253,#253 #0253 #00253 #000253,1225 Brant Street,ON,L7P 1X7Costco,Grande Prairie,254,#254 #0254 #00254 #000254,9901 116th St,AB,T8V 5W3Costco,Port Coquitlam,255,#255 #0255 #00255 #000255,2370 Ottawa St.,BC,V3B 7Z1Costco,Langford,256,#256 #0256 #00256 #000256,799 McCallum Road,BC,V9B 6A2Costco,Sudbury,257,#257 #0257 #00257 #000257,1465 Kingsway,ON,P3A 6B3Costco,Edmonton,258,#258 #0258 #00258 #000258,2616 91st Street NW,AB,T6N 1N2Costco,Langley,259,#259 #0259 #00259 #000259,20499 64th Ave,BC,V2Y 1N5Costco,Danvers,301,#301 #0301 #00301 #000301,11 Newbury Street (Route 1),MA,01923-1014Costco,West Springfield,302,#302 #0302 #00302 #000302,119 Daggett Drive,MA,01089-4672Costco,Avon,303,#303 #0303 #00303 #000303,120 Stockwell Drive,MA,02322-1149Costco,Brookfield,304,#304 #0304 #00304 #000304,200 Federal Road,CT,06804-2527Costco,Nanuet,305,#305 #0305 #00305 #000305,50 Overlook Boulevard,NY,10954-5292Costco,Clifton,306,#306 #0306 #00306 #000306,20 Bridewell Place,NJ,07014-1724Costco,Nashua,307,#307 #0307 #00307 #000307,311 Daniel Webster Highway,NH,03060-5702Costco,Waltham,308,#308 #0308 #00308 #000308,71 Second Avenue,MA,02451-1107Costco,Lawrence,310,#310 #0310 #00310 #000310,605 Rockaway Turnpike,NY,11559-1029Costco,Milford,312,#312 #0312 #00312 #000312,1718 Boston Post Road,CT,06460-2718Costco,Waterbury,313,#313 #0313 #00313 #000313,3600 East Main Street,CT,06705-3851Costco,Colchester,314,#314 #0314 #00314 #000314,218 Lower Mountain View Drive,VT,05446-5830Costco,Wharton,315,#315 #0315 #00315 #000315,315 Route 15 N.,NJ,07885-1224Costco,Staten Island,316,#316 #0316 #00316 #000316,2975 Richmond Avenue,NY,10314-5851Costco,Lancaster,317,#317 #0317 #00317 #000317,1875 Hempstead Road,PA,17601-5671Costco,Brooklyn,318,#318 #0318 #00318 #000318,976 3rd Avenue,NY,11232-2400Costco,Dedham,319,#319 #0319 #00319 #000319,200 Legacy Blvd,MA,02026-2635Costco,Union,320,#320 #0320 #00320 #000320,1055 Hudson St,NJ,07083-6809Costco,Yonkers,321,#321 #0321 #00321 #000321,20 Stew Leonard Drive,NY,10710-7202Costco,Bridgewater,322,#322 #0322 #00322 #000322,325 Promenade Blvd.,NJ,08807-3457Costco,Edison,323,#323 #0323 #00323 #000323,205 Vineyard N,NJ,08817-3314Costco,Norwalk,324,#324 #0324 #00324 #000324,779 Connecticut Ave,CT,06854-1615Costco,Hanover,325,#325 #0325 #00325 #000325,7077 Arundel Mills Circle,MD,21076-1387Costco,Port Chester,326,#326 #0326 #00326 #000326,1 Westchester Ave,NY,10573-4343Costco,Harrisburg,327,#327 #0327 #00327 #000327,5125 Jonestown Road Suite 221,PA,17112-2983Costco,Cranberry Township,328,#328 #0328 #00328 #000328,1050 Cranberry Square Drive,PA,16066-6142Costco,Ocean,329,#329 #0329 #00329 #000329,2361 Hwy 66,NJ,07712-3961Costco,Frederick,330,#330 #0330 #00330 #000330,10 Monocacy Blvd,MD,21704-7256Costco,Pittsburgh,332,#332 #0332 #00332 #000332,202 Costco Drive,PA,15205-4858Costco,Everett,333,#333 #0333 #00333 #000333,2 Mystic View Road,MA,02149-2428Costco,Chantilly,334,#334 #0334 #00334 #000334,14390 Chantilly Crossing Lane,VA,20151-2117Costco,Clearwater,336,#336 #0336 #00336 #000336,2655 Gulf to Bay Blvd.,FL,33759-4936Costco,Leesburg,337,#337 #0337 #00337 #000337,1300 Edwards Ferry Road,VA,20176-3355Costco,Myrtle Beach,338,#338 #0338 #00338 #000338,1021 Oak Forest Lane,SC,29577-9795Costco,Greensboro,339,#339 #0339 #00339 #000339,4201 West Wendover Ave,NC,27407-1908Costco,Fredericksburg,340,#340 #0340 #00340 #000340,3102 Plank Road #600,VA,22407-4954Costco,Commerce Tnshp,341,#341 #0341 #00341 #000341,3000 Commerce Crossing,MI,48390-3082Costco,Naperville,342,#342 #0342 #00342 #000342,1320 S. Route 59,IL,60564-5944Costco,Avon,343,#343 #0343 #00343 #000343,35804 Detroit Road,OH,44011-1681Costco,Cleveland,344,#344 #0344 #00344 #000344,1409 Golden Gate Blvd.,OH,44124-1808Costco,Boca Raton,345,#345 #0345 #00345 #000345,17800 Congress Avenue,FL,33487-1200Costco,Castleton,346,#346 #0346 #00346 #000346,6110 East 86th Street,IN,46250-3507Costco,Indianapolis,347,#347 #0347 #00347 #000347,9010 Michigan Road,IN,46268-3184Costco,Glenview,348,#348 #0348 #00348 #000348,2900 Patriot Blvd,IL,60026-8046Costco,Lenexa,349,#349 #0349 #00349 #000349,9350 Marshall Drive,KS,66215-3845Costco,Fort Myers,351,#351 #0351 #00351 #000351,7171 Cypress Lake Drive,FL,33907-6521Costco,Cordova,352,#352 #0352 #00352 #000352,2431 North Germantown Parkway,TN,38016-4494Costco,Memphis,353,#353 #0353 #00353 #000353,3775 Hacks Cross Road,TN,38125-2302Costco,Naples,354,#354 #0354 #00354 #000354,6275 Naples Boulevard,FL,34109-2030Costco,Huntsville,356,#356 #0356 #00356 #000356,1205 N. Memorial Parkway,AL,35801-5930Costco,Jacksonville,357,#357 #0357 #00357 #000357,4901 Gate Parkway,FL,32246-4405Costco,Brandon,358,#358 #0358 #00358 #000358,10921 Causeway Blvd.,FL,33511-2903Costco,Charlotte,359,#359 #0359 #00359 #000359,500 Tyvola Road,NC,28217-3504Costco,Charleston,360,#360 #0360 #00360 #000360,3050 Ashley Town Center,SC,29414-5664Costco,Winston-Salem,361,#361 #0361 #00361 #000361,1085 Hanes Mall Blvd.,NC,27103-1310Costco,Hoover,362,#362 #0362 #00362 #000362,3650 Galleria Circle,AL,35244-2346Costco,Buford,366,#366 #0366 #00366 #000366,1550 Mall of Georgia Blvd NE,GA,30519-6551Costco,Matthews,367,#367 #0367 #00367 #000367,2125 Matthews Township Pkwy,NC,28105-5766Costco,St. Louis,368,#368 #0368 #00368 #000368,4200 Rusty Road,MO,63128-1973Costco,Overland Park,369,#369 #0369 #00369 #000369,12221 Blue Valley Parkway,KS,66213-2640Costco,Merrillville,370,#370 #0370 #00370 #000370,1310 E. 79th Ave,IN,46410-5768Costco,Bloomingdale,371,#371 #0371 #00371 #000371,505 W. Army Trail Road,IL,60108-1391Costco,Coon Rapids,372,#372 #0372 #00372 #000372,12547 Riverdale Blvd.,MN,55448-6708Costco,Independence,373,#373 #0373 #00373 #000373,19040 E. Valley View Pkwy,MO,64055-7004Costco,Shelby Township,374,#374 #0374 #00374 #000374,45460 Market Street,MI,48315-6204Costco,Kansas City,375,#375 #0375 #00375 #000375,241 East Linwood Blvd,MO,64111-1119Costco,Auburn Hills,376,#376 #0376 #00376 #000376,400 Brown Road,MI,48326-1305Costco,St. Louis Park,377,#377 #0377 #00377 #000377,5801 16th Street West,MN,55416-1446Costco,Lake Zurich,378,#378 #0378 #00378 #000378,680 S. Rand Road,IL,60047-3409Costco,Springdale,379,#379 #0379 #00379 #000379,1100 East Kemper Road,OH,45246-3321Costco,Chicago,380,#380 #0380 #00380 #000380,2746 N. Clybourn Avenue,IL,60614-1006Costco,Bedford Park,381,#381 #0381 #00381 #000381,7300 S. Cicero Ave,IL,60629-5817Costco,St. Peters,382,#382 #0382 #00382 #000382,200 Costco Way,MO,63376-4385Costco,Niles,383,#383 #0383 #00383 #000383,7311 North Melvina Ave,IL,60714-3905Costco,Cincinnati,384,#384 #0384 #00384 #000384,9691 Waterstone Blvd,OH,45249-8220Costco,Brentwood,386,#386 #0386 #00386 #000386,98 Seaboard Lane,TN,37027-2930Costco,Schaumburg,387,#387 #0387 #00387 #000387,1375 North Meacham Rd,IL,60173-4805Costco,Oak Brook,388,#388 #0388 #00388 #000388,1901 West 22nd Street,IL,60523-1785Costco,Livonia,390,#390 #0390 #00390 #000390,13700 Middlebelt Road,MI,48150-2215Costco,Livonia,391,#391 #0391 #00391 #000391,20000 Haggerty Rd,MI,48152-1011Costco,Madison Heights,393,#393 #0393 #00393 #000393,30550 Stephenson Highway,MI,48071-1611Costco,Roseville,394,#394 #0394 #00394 #000394,27118 Gratiot Avenue,MI,48066-2915Costco,San Diego,401,#401 #0401 #00401 #000401,4605 Morena Boulevard,CA,92117-3650Costco,Santee,403,#403 #0403 #00403 #000403,101 Town Center Parkway,CA,92071-5899Costco,Tucson,407,#407 #0407 #00407 #000407,6255 East Grant Road,AZ,85712-5834Costco,Norwalk,410,#410 #0410 #00410 #000410,12324 Hoxie Avenue,CA,90650-2266Costco,Fountain Valley,411,#411 #0411 #00411 #000411,17900 Newhope Street,CA,92708-5404Costco,Azusa,412,#412 #0412 #00412 #000412,1220 West Foothill Boulevard,CA,91702-2819Costco,Fullerton,418,#418 #0418 #00418 #000418,900 South Harbor Boulevard,CA,92832-3098Costco,Oxnard,420,#420 #0420 #00420 #000420,2001 East Ventura Boulevard,CA,93030-1813Costco,South San Francisco,422,#422 #0422 #00422 #000422,451 South Airport Boulevard,CA,94080-6909Costco,Sunnyvale,423,#423 #0423 #00423 #000423,150 Lawrence Station Road,CA,94086-5328Costco,Signal Hill,424,#424 #0424 #00424 #000424,2200 East Willow Street,CA,90755-2132Costco,Scottsdale,427,#427 #0427 #00427 #000427,15255 North Hayden Road,AZ,85260-2507Costco,Alhambra,428,#428 #0428 #00428 #000428,2207 West Commonwealth Avenue,CA,91803-1302Costco,San Juan Capistrano,429,#429 #0429 #00429 #000429,33961 Doheny Park Road,CA,92675-4836Costco,Tucson,431,#431 #0431 #00431 #000431,3901 West Costco Drive,AZ,85741-2864Costco,Corona,432,#432 #0432 #00432 #000432,480 N. McKinley St.,CA,92879-1291Costco,Tempe,436,#436 #0436 #00436 #000436,1445 West Elliot Road,AZ,85284-1103Costco,Northridge,437,#437 #0437 #00437 #000437,8810 Tampa Avenue,CA,91324-3519Costco,Rancho Cordova,438,#438 #0438 #00438 #000438,11260 White Rock Road,CA,95742-6571Costco,Aurora,439,#439 #0439 #00439 #000439,1471 South Havana St.,CO,80012-4013Costco,Westminster,440,#440 #0440 #00440 #000440,6400 West 92nd Avenue,CO,80031-2952Costco,Palm Desert,441,#441 #0441 #00441 #000441,72-800 Dinah Shore Drive,CA,92211-0817Costco,Littleton,443,#443 #0443 #00443 #000443,7900 West Quincy Avenue,CO,80123-2472Costco,Yorba Linda,445,#445 #0445 #00445 #000445,22633 Savi Ranch Parkway,CA,92887-4664Costco,Santa Clarita,447,#447 #0447 #00447 #000447,18649 Via Princessa,CA,91387-4935Costco,San Diego,452,#452 #0452 #00452 #000452,12350 Carmel Mountain Road,CA,92128-4697Costco,Fairfield,453,#453 #0453 #00453 #000453,5101 Business Center Drive,CA,94534-1624Costco,Irvine,454,#454 #0454 #00454 #000454,115 Technology West Drive,CA,92618-2408Costco,Moreno Valley,455,#455 #0455 #00455 #000455,12700 Day Street,CA,92553-7531Costco,Montebello,459,#459 #0459 #00459 #000459,1345 North Montebello Boulevard,CA,90640-2585Costco,Chula Vista,460,#460 #0460 #00460 #000460,895 East H Street,CA,91910-7807Costco,Carlsbad,462,#462 #0462 #00462 #000462,951 Palomar Airport Road,CA,92011-1110Costco,Sacramento,464,#464 #0464 #00464 #000464,7981 East Stockton Boulevard,CA,95823-9606Costco,Phoenix,465,#465 #0465 #00465 #000465,4502 East Oak Street,AZ,85008-2411Costco,Prescott,466,#466 #0466 #00466 #000466,3911 Highway 69,AZ,86301-6717Costco,Littleton,468,#468 #0468 #00468 #000468,8686 Park Meadows Center Drive,CO,80124-5129Costco,La Mesa,469,#469 #0469 #00469 #000469,8125 Fletcher Parkway,CA,91942-2934Costco,San Jose,470,#470 #0470 #00470 #000470,5301 Almaden Expressway,CA,95118-3603Costco,Sacramento,471,#471 #0471 #00471 #000471,1600 Expo Parkway,CA,95815-4228Costco,Salinas,472,#472 #0472 #00472 #000472,1339 North Davis Road,CA,93907-1988Costco,Chino Hills,473,#473 #0473 #00473 #000473,13111 Peyton Drive,CA,91709-6002Costco,Goleta,474,#474 #0474 #00474 #000474,7095 Market Place Drive,CA,93117-5905Costco,South San Francisco,475,#475 #0475 #00475 #000475,1600 El Camino Real,CA,94080-1206Costco,Torrance,476,#476 #0476 #00476 #000476,2751 Skypark Drive,CA,90505-5351Costco,San Bernardino,478,#478 #0478 #00478 #000478,1099 East Hospitality Lane,CA,92408-2836Costco,Marina del Rey,479,#479 #0479 #00479 #000479,13463 Washington Boulevard,CA,90292-5658Costco,Superior,480,#480 #0480 #00480 #000480,600 Marshall Road,CO,80027-9730Costco,Gilbert,481,#481 #0481 #00481 #000481,1415 North Arizona Avenue,AZ,85233-1616Costco,Richmond,482,#482 #0482 #00482 #000482,4801 Central Avenue,CA,94804-5878Costco,San Diego,483,#483 #0483 #00483 #000483,650 Gateway Center Drive,CA,92102-4594Costco,Orem,484,#484 #0484 #00484 #000484,648 East 800 South,UT,84097-6528Costco,Waipahu (Oahu),485,#485 #0485 #00485 #000485,94-1231 Ka Uka Blvd,HI,96797-4495Costco,Kennewick,486,#486 #0486 #00486 #000486,8505A W. Gage Blvd,WA,99336-8120Costco,Sandy,487,#487 #0487 #00487 #000487,11100 S. Auto Mall Drive,UT,84070-4171Costco,San Diego,488,#488 #0488 #00488 #000488,2345 Fenton Pkwy,CA,92108-4743Costco,Fort Worth,489,#489 #0489 #00489 #000489,5300 Overton Ridge Blvd,TX,76132-3301Costco,Phoenix,490,#490 #0490 #00490 #000490,19001 N. 27th Ave,AZ,85027-5036Costco,Temecula,491,#491 #0491 #00491 #000491,26610 Ynez Road,CA,92591-4697Costco,Saint-Hubert,502,#502 #0502 #00502 #000502,5025 boul Cousineau,QC,J3Y 3K7Costco,Qubec,503,#503 #0503 #00503 #000503,440 rue Bouvier,QC,G2J 1E3Costco,Laval,505,#505 #0505 #00505 #000505,2999 autoroute Laval (440 Ouest),QC,H7P 5P4Costco,Anjou,506,#506 #0506 #00506 #000506,7373 rue Bombardier,QC,H1J 2V2Costco,London,508,#508 #0508 #00508 #000508,4313 Wellington Road South,ON,N6E 2Z8Costco,East Gwillimbury,510,#510 #0510 #00510 #000510,18182 Yonge Street,ON,L9N 0J3Costco,Gloucester,511,#511 #0511 #00511 #000511,1900 Cyrville Road,ON,K1B 1A5Costco,Kitchener,512,#512 #0512 #00512 #000512,4438 King Street East,ON,N2P 2G4Costco,Sherbrooke,514,#514 #0514 #00514 #000514,3400 rue King Ouest,QC,J1L 1C9Costco,Montral,515,#515 #0515 #00515 #000515,300 rue Bridge,QC,H3K 2C3Costco,Sainte-Foy,516,#516 #0516 #00516 #000516,3233 rue Watt,QC,G1X 4W2Costco,Trois-Rivires-Ouest,518,#518 #0518 #00518 #000518,3000 boul des Rcollets,QC,G9A 6J2Costco,Halifax,519,#519 #0519 #00519 #000519,230 Chain Lake Drive,NS,B3S 1C5Costco,Regina,520,#520 #0520 #00520 #000520,665 University Park Drive,SK,S4V 2V8Costco,Brossard,521,#521 #0521 #00521 #000521,9430 boul Taschereau,QC,J4X 2W2Costco,St. Catharines,523,#523 #0523 #00523 #000523,3 North Service Road,ON,L2N 7R1Costco,Etobicoke,524,#524 #0524 #00524 #000524,50 Queen Elizabeth Blvd,ON,M8Z 1M1Costco,Terrebonne,525,#525 #0525 #00525 #000525,870 monte des Pionniers,QC,J6V 1N9Costco,Mississauga,526,#526 #0526 #00526 #000526,5900 Rodeo Drive,ON,L5R 3S9Costco,Montral,527,#527 #0527 #00527 #000527,1015 rue du March Central,QC,H4N 3J8Costco,Pointe-Claire,528,#528 #0528 #00528 #000528,5701 Trans-Canada Nord,QC,H9R 1B7Costco,Saint-Jrme,529,#529 #0529 #00529 #000529,1001 boul Jean-Baptiste-Rolland,QC,J7Z 5T6Costco,London,530,#530 #0530 #00530 #000530,693 Wonderland Road North,ON,N6H 4L1Costco,Mississauga,531,#531 #0531 #00531 #000531,3180 Laird Road,ON,L5L 6A5Costco,Boucherville,532,#532 #0532 #00532 #000532,635 Chemin de Touraine,QC,J4B 5E4Costco,Kingston,533,#533 #0533 #00533 #000533,1015 Centennial Drive,ON,K7P 3B7Costco,Windsor,534,#534 #0534 #00534 #000534,4411 Walker Road,ON,N8W 3T6Costco,Toronto,535,#535 #0535 #00535 #000535,100 Billy Bishop Way,ON,M3K 2C8Costco,Chicoutimi,536,#536 #0536 #00536 #000536,2500 boul Talbot RR4,QC,G7H 5B1Costco,Scarborough,537,#537 #0537 #00537 #000537,1411 Warden Avenue,ON,M1R 2S3Costco,Moncton,538,#538 #0538 #00538 #000538,25 Trinity Drive,NB,E1G 2J7Costco,St. John's,539,#539 #0539 #00539 #000539,28 Stavanger Drive,NL,A1A 5E8Costco,Nepean,540,#540 #0540 #00540 #000540,1849 Merivale Road,ON,K2G 1E3Costco,Kanata,541,#541 #0541 #00541 #000541,770 Silver Seven Rd,ON,K2V 0A1Costco,Gatineau,542,#542 #0542 #00542 #000542,1100 boul Maloney ouest,QC,J8T 6G3Costco,Calgary,543,#543 #0543 #00543 #000543,11588 Sarcee Trail NW,AB,T3R 0A1Costco,Sherwood,544,#544 #0544 #00544 #000544,2201 Broadmoor Blvd,AB,T8H 0A1Costco,Markham,545,#545 #0545 #00545 #000545,65 Kirkham Dr,ON,L3S 0A9Costco,Boisbriand,546,#546 #0546 #00546 #000546,3600 Ave Des Grandes Tourelles,QC,J7H 0A1Costco,Woodbridge,547,#547 #0547 #00547 #000547,71 Colossus Drive,ON,L4L 9J8Costco,Burnaby,548,#548 #0548 #00548 #000548,4500 Still Creek Dr,BC,V5C 0E5Costco,Winnipeg,549,#549 #0549 #00549 #000549,2365 McGillivray Blvd,MB,R3Y 0A1Costco,Dartmouth,551,#551 #0551 #00551 #000551,137 Countryview Drive,NS,B3B 0E7Costco,Vancouver,552,#552 #0552 #00552 #000552,605 Expo Blvd,BC,V6B 1V4Costco,Candiac,556,#556 #0556 #00556 #000556,60 rue Strasbourg,QC,J5R 0B4Costco,Las Vegas,563,#563 #0563 #00563 #000563,222 S Martin Luther King Blvd,NV,89106-4305Costco,Hawthorne,564,#564 #0564 #00564 #000564,12530 Prairie Ave,CA,90250-4638Costco,Commerce,569,#569 #0569 #00569 #000569,6333 Telegraph Rd,CA,90040-2513Costco,San Diego,578,#578 #0578 #00578 #000578,7803 Othello Ave,CA,92111-3709Costco,Morrow,579,#579 #0579 #00579 #000579,1700 Mount Zion Road,GA,30260-3014Costco,Peterborough,591,#591 #0591 #00591 #000591,485 The Parkway,ON,K9J 0B3Costco,Richmond Hill,592,#592 #0592 #00592 #000592,35 John Birchall Rd,ON,L4S 0B2Costco,Medicine Hat,593,#593 #0593 #00593 #000593,2350 Box Springs Blvd,AB,T1C 0C8Costco,Fort Myers,621,#621 #0621 #00621 #000621,10088 Gulf Center Drive,FL,33913-8961Costco,West Valley,622,#622 #0622 #00622 #000622,3747 South 2700 West,UT,84119-4903Costco,Royal Palm Beach,623,#623 #0623 #00623 #000623,11001 Southern Blvd.,FL,33411-4240Costco,Gig Harbor,624,#624 #0624 #00624 #000624,10990 Harbor Hill Dr,WA,98335Costco,Strongsville,625,#625 #0625 #00625 #000625,16690 Royalton Rd,OH,44136-4433Costco,Woodbridge,626,#626 #0626 #00626 #000626,"2700 Potomac Mills Circle, Ste 200",VA,22192-4653Costco,Fontana,627,#627 #0627 #00627 #000627,16505 Sierra Lakes Parkway,CA,92336-1256Costco,Grafton,628,#628 #0628 #00628 #000628,950 Port Washington Rd,WI,53024-9201Costco,Thornton,629,#629 #0629 #00629 #000629,16375 N Washington St,CO,80023-8907Costco,Nashville,630,#630 #0630 #00630 #000630,6670 Charlotte Pike,TN,37209-4202Costco,Atlanta,631,#631 #0631 #00631 #000631,2900 Cumberland Mall,GA,30339-8107Costco,Columbus,632,#632 #0632 #00632 #000632,1500 Gemini Place,OH,43240-7002Costco,Helena,633,#633 #0633 #00633 #000633,2195 E Custer Ave,MT,59602-1217Costco,Louisville,634,#634 #0634 #00634 #000634,5020 Norton Healthcare Blvd,KY,40241-2835Costco,Wilmington,635,#635 #0635 #00635 #000635,5351 Gingerwood Dr,NC,28405-3091Costco,Duncanville,636,#636 #0636 #00636 #000636,250 West Highway 67,TX,75137-4415Costco,Gypsum,637,#637 #0637 #00637 #000637,170 Cooley Mesa Rd,CO,81637-9707Costco,La Quinta,638,#638 #0638 #00638 #000638,79795 Hwy 111,CA,92253-4756Costco,Sequim,639,#639 #0639 #00639 #000639,955 West Washington St,WA,98382-3266Costco,Lihue (Kauai),640,#640 #0640 #00640 #000640,4300 Nuhou St,HI,96766-8002Costco,South Austin,641,#641 #0641 #00641 #000641,4301 W William Cannon Drive,TX,78749-1499Costco,Marysville,642,#642 #0642 #00642 #000642,16616 Twin Lakes Ave,WA,98271-4701Costco,Bakersfield,643,#643 #0643 #00643 #000643,4900 Panama Lane,CA,93313-3479Costco,Gilbert,644,#644 #0644 #00644 #000644,2887 S Market St,AZ,85296-6303Costco,Raleigh,645,#645 #0645 #00645 #000645,2838 Wake Forest Rd,NC,27609-7840Costco,Sparks,646,#646 #0646 #00646 #000646,4810 Galleria Parkway,NV,89436-9605Costco,Orland Park,647,#647 #0647 #00647 #000647,9915 W 159th St,IL,60462-4572Costco,Maple Grove,648,#648 #0648 #00648 #000648,11330 Fountains Dr N,MN,55369-7200Costco,West Homestead,649,#649 #0649 #00649 #000649,501 W Waterfront Dr,PA,15120-5009Costco,Fresno,657,#657 #0657 #00657 #000657,7100 N. Abby Street,CA,93720-2920Costco,Tracy,658,#658 #0658 #00658 #000658,3250 W. Grant Line Road,CA,95377Costco,Rohnert Park,659,#659 #0659 #00659 #000659,5901 Redwood Drive,CA,94928-2076Costco,Puyallup,660,#660 #0660 #00660 #000660,1201 39th SW,WA,98373-3803Costco,Modesto,661,#661 #0661 #00661 #000661,3801 Pelandale Ave.,CA,95356-8300Costco,Burlington,662,#662 #0662 #00662 #000662,1725 S. Burlington Blvd,WA,98233-3223Costco,Concord,663,#663 #0663 #00663 #000663,2400 Monument Blvd,CA,94520-3105Costco,Plano,664,#664 #0664 #00664 #000664,3800 N. Central Expressway,TX,75074-2221Costco,Phoenix,665,#665 #0665 #00665 #000665,1646 W. Montebello,AZ,85015-2557Costco,Albuquerque,667,#667 #0667 #00667 #000667,500 Eubank Blvd SE,NM,87123-3338Costco,Arlington,668,#668 #0668 #00668 #000668,600 West Arbrook Blvd,TX,76014-3702Costco,Southlake,669,#669 #0669 #00669 #000669,2601 E. State Hwy 114,TX,76092-6668Costco,Spokane,670,#670 #0670 #00670 #000670,5601 East Sprague Avenue,WA,99212-0826Costco,Hawthorne,671,#671 #0671 #00671 #000671,14501 Hindry Avenue,CA,90250-6748Costco,St. George,672,#672 #0672 #00672 #000672,835 North 3050 East,UT,84790-9041Costco,Henderson,673,#673 #0673 #00673 #000673,791 Marks Street,NV,89014-8601Costco,Glendale,674,#674 #0674 #00674 #000674,17550 N. 79th Ave.,AZ,85308-8711Costco,Houston,675,#675 #0675 #00675 #000675,12405 N. Gessner Rd.,TX,77064-1170Costco,Arvada,676,#676 #0676 #00676 #000676,5195 Wadsworth Blvd.,CO,80002-4617Costco,Burbank,677,#677 #0677 #00677 #000677,1051 Burbank Blvd.,CA,91506-1421Costco,Rancho Cucamonga,678,#678 #0678 #00678 #000678,11800 4th Street,CA,91739-9318Costco,City of Industry,679,#679 #0679 #00679 #000679,17550 Castleton St.,CA,91748-1701Costco,Houston,680,#680 #0680 #00680 #000680,1150 Bunker Hill Road,TX,77055-6208Costco,Austin,681,#681 #0681 #00681 #000681,10401 Research Blvd,TX,78759-5712Costco,Albany,682,#682 #0682 #00682 #000682,3130 Killdeer Ave,OR,97321-5325Costco,Lewisville,683,#683 #0683 #00683 #000683,851 State Hwy 121,TX,75067-4158Costco,Plano,684,#684 #0684 #00684 #000684,1701 Dallas Pkwy,TX,75093-4520Costco,Las Vegas,685,#685 #0685 #00685 #000685,801 S. Pavilion Center Drive,NV,89144-4566Costco,Montclair,686,#686 #0686 #00686 #000686,9404 Central Avenue,CA,91763-2421Costco,Iwilei (Oahu),687,#687 #0687 #00687 #000687,525 Alakawa Street,HI,96817-5764Costco,Bakersfield,688,#688 #0688 #00688 #000688,3800 Rosedale Highway,CA,93308-6235Costco,San Antonio,689,#689 #0689 #00689 #000689,5611 Utsa Blvd,TX,78249-1619Costco,Laguna Niguel,690,#690 #0690 #00690 #000690,27220 Heather Ridge Road,CA,92677-3418Costco,Avondale,691,#691 #0691 #00691 #000691,10000 W. McDowell Road,AZ,85392-4803Costco,Hillsboro,692,#692 #0692 #00692 #000692,1255 NE 48th Ave,OR,97124-5008Costco,San Antonio,693,#693 #0693 #00693 #000693,1201 N. Loop 1604 East,TX,78232-1322Costco,Vacaville,694,#694 #0694 #00694 #000694,1051 Hume Way,CA,95687-5558Costco,Lehi,733,#733 #0733 #00733 #000733,198 North 1200 East,UT,84043-2294Costco,Nampa,734,#734 #0734 #00734 #000734,16700 N Marketplace Blvd,ID,83687-7909Costco,West Bountiful,735,#735 #0735 #00735 #000735,573 West 100 North,UT,84010-7018Costco,Chandler,736,#736 #0736 #00736 #000736,595 S Galleria Way,AZ,85226-4932Costco,Las Vegas,737,#737 #0737 #00737 #000737,6555 N Decatur Blvd,NV,89131-2796Costco,Phoenix,738,#738 #0738 #00738 #000738,2450 E Beardsley Rd,AZ,85050-1300Costco,Brick,739,#739 #0739 #00739 #000739,465 Route 70,NJ,08723-4049Costco,Lacey,740,#740 #0740 #00740 #000740,1470 Marvin Rd NE,WA,98516-3870Costco,San Luis Obispo,741,#741 #0741 #00741 #000741,1540 Froom Ranch Way,CA,93405-7211Costco,Pembroke Pines,742,#742 #0742 #00742 #000742,15915 Pines Blvd,FL,33027-1201Costco,Alpharetta,743,#743 #0743 #00743 #000743,2855 Jordan Ct,GA,30004-3869Costco,Wyoming,744,#744 #0744 #00744 #000744,4901 Wilson Avenue,MI,49418-8788Costco,Kalispell,745,#745 #0745 #00745 #000745,2330 Highway 93 N,MT,59901-2547Costco,Lake Elsinore,746,#746 #0746 #00746 #000746,29315 Central Ave,CA,92532-2212Costco,Woodinville,747,#747 #0747 #00747 #000747,24008 Snohomish-Woodinville Rd SE,WA,98072-9743Costco,Cypress,748,#748 #0748 #00748 #000748,5401 Katella Ave,CA,90720-2809Costco,Mount Laurel,749,#749 #0749 #00749 #000749,100 Centerton Road,NJ,08054-6103Costco,Gilroy,760,#760 #0760 #00760 #000760,7251 Camino Arroyo,CA,95020-7340Costco,Boise,761,#761 #0761 #00761 #000761,2051 S. Cole Road,ID,83709-2815Costco,Lancaster,762,#762 #0762 #00762 #000762,1141 West Avenue L,CA,93534-7077Costco,Murray,764,#764 #0764 #00764 #000764,5201 South Intermountain Drive,UT,84107-6024Costco,Folsom,765,#765 #0765 #00765 #000765,1800 Cavitt Court,CA,95630-6235Costco,Wilsonville,766,#766 #0766 #00766 #000766,25900 SW Heather Place,OR,97070-5785Costco,Fife,767,#767 #0767 #00767 #000767,3900 20th St. East,WA,98424-1818Costco,El Paso,768,#768 #0768 #00768 #000768,6101 Gateway West Blvd,TX,79925-3430Costco,Inglewood,769,#769 #0769 #00769 #000769,3560 West Century Blvd,CA,90303-1201Costco,Ogden,770,#770 #0770 #00770 #000770,3656 Wall Avenue,UT,84405-7101Costco,Citrus Heights,771,#771 #0771 #00771 #000771,7000 Auburn Blvd,CA,95621-4342Costco,Vancouver,772,#772 #0772 #00772 #000772,6720 NE 84th Street,WA,98665-2016Costco,Coeur D'Alene,773,#773 #0773 #00773 #000773,355 East Neider Avenue,ID,83815-3723Costco,Lake in the Hills,774,#774 #0774 #00774 #000774,250 N. Randall Rd.,IL,60156-5943Costco,Poway,775,#775 #0775 #00775 #000775,12155 Tech Center Drive,CA,92064-7156Costco,La Habra,777,#777 #0777 #00777 #000777,101 N Beach Blvd,CA,90631-4468Costco,Fremont,778,#778 #0778 #00778 #000778,43621 Pacific Commons Blvd,CA,94538-3809Costco,Mount Prospect,779,#779 #0779 #00779 #000779,999 N. Elmhurst Road,IL,60056-1198Costco,Enfield,780,#780 #0780 #00780 #000780,75 Freshwater Blvd,CT,06082-3854Costco,Chula Vista,781,#781 #0781 #00781 #000781,1130 Broadway,CA,91911-2707Costco,Turlock,782,#782 #0782 #00782 #000782,2955 North Tegner Road,CA,95380-9401Costco,Eden Prairie,783,#783 #0783 #00783 #000783,12011 Technology Drive,MN,55344-3620Costco,Grand Rapids,784,#784 #0784 #00784 #000784,5100 28th Street SE,MI,49512-2049Costco,Brighton,786,#786 #0786 #00786 #000786,6700 Whitmore Lake Rd,MI,48116-2160Costco,West Des Moines,788,#788 #0788 #00788 #000788,7205 Mills Civic Parkway,IA,50266-8140Costco,Hayward,823,#823 #0823 #00823 #000823,22330 Hathaway Avenue,CA,94541-4861Costco,Phoenix,827,#827 #0827 #00827 #000827,3801 N. 33rd Avenue,AZ,85017-4508Costco,Elkridge,1000,#1000 #01000 #001000 #0001000,6675 Marie Curie Drive,MD,21075-6457Costco,Tustin,1001,#1001 #01001 #001001 #0001001,2700 Park Ave,CA,92782-2708Costco,Antioch,1002,#1002 #01002 #001002 #0001002,2201 Verne Roberts Circle,CA,94509-7911Costco,Woodland,1003,#1003 #01003 #001003 #0001003,2299 Bronze Star Drive,CA,95776-5409Costco,San Jose,1004,#1004 #01004 #001004 #0001004,1709 Automation Parkway,CA,95131-1866Costco,Greenville,1005,#1005 #01005 #001005 #0001005,1021 Woodruff Rd,SC,29607-4108Costco,Selma,1006,#1006 #01006 #001006 #0001006,15330 IH-35 North,TX,78154-3814Costco,Toledo,1007,#1007 #01007 #001007 #0001007,3405 West Central Ave,OH,43606-1402Costco,Spartanburg,1008,#1008 #01008 #001008 #0001008,211 W Blackstock Rd,SC,29301-1382Costco,Montgomery,1009,#1009 #01009 #001009 #0001009,8251 Eastchase Parkway,AL,36117-7033Costco,Victorville,1010,#1010 #01010 #001010 #0001010,14555 Valley Center Drive,CA,92392-4216Costco,Chico,1011,#1011 #01011 #001011 #0001011,2100 Dr Martin Luther King Pkwy.,CA,95928-4422Costco,Omaha,1012,#1012 #01012 #001012 #0001012,12300 West Dodge Rd,NE,68154-2382Costco,Union Gap,1013,#1013 #01013 #001013 #0001013,2310 Longfibre Rd,WA,98903-1513Costco,Colorado Springs,1014,#1014 #01014 #001014 #0001014,5885 Barnes Road,CO,80922-3512Costco,San Dimas,1015,#1015 #01015 #001015 #0001015,520 N Lone Hill Ave,CA,91773-1725Costco,Albuquerque,1016,#1016 #01016 #001016 #0001016,9955 Coors Bypass NW,NM,87114-5963Costco,Visalia,1017,#1017 #01017 #001017 #0001017,1405 W Cameron Ave,CA,93277-9527Costco,Houston,1018,#1018 #01018 #001018 #0001018,3836 Richmond Ave,TX,77027-5802Costco,Middleton,1020,#1020 #01020 #001020 #0001020,2150 Deming Way,WI,53562-5507Costco,Maplewood,1021,#1021 #01021 #001021 #0001021,1431 Beam Ave,MN,55109-1064Costco,Parker,1022,#1022 #01022 #001022 #0001022,18414 Cottonwood Dr,CO,80138-8876Costco,Kendall,1023,#1023 #01023 #001023 #0001023,13450 SW 120th St,FL,33186-7393Costco,Stafford Township,1025,#1025 #01025 #001025 #0001025,245 Stafford Park Blvd,NJ,08050-2734Costco,Tallahassee,1026,#1026 #01026 #001026 #0001026,4067 Lagniappe Way,FL,32317-1201Costco,Sheridan,1027,#1027 #01027 #001027 #0001027,4000 River Point Parkway,CO,80110-3316Costco,Mesa,1028,#1028 #01028 #001028 #0001028,1444 S Sossaman Rd,AZ,85209-3400Costco,Covington,1029,#1029 #01029 #001029 #0001029,27520 Covington Way SE,WA,98042-9100Costco,Colorado Springs,1030,#1030 #01030 #001030 #0001030,5050 N Nevada Ave,CO,80918-8602Costco,Manteca,1031,#1031 #01031 #001031 #0001031,2440 Daniels St,CA,95336-6745Costco,Pocatello,1033,#1033 #01033 #001033 #0001033,305 West Quinn Rd,ID,83201-4988Costco,Bloomfield,1037,#1037 #01037 #001037 #0001037,2343 South Telegraph Rd,MI,48302-0254Costco,Kapolei (Oahu),1038,#1038 #01038 #001038 #0001038,4589 Kapolei Parkway,HI,96707-1879Costco,Brandywine,1039,#1039 #01039 #001039 #0001039,16006 Crain Highway SE,MD,20613-8081Costco,St. Charles,1040,#1040 #01040 #001040 #0001040,221 S. Randall Rd,IL,60174-1524Costco,Redwood City,1042,#1042 #01042 #001042 #0001042,2300 Middlefield Rd,CA,94063-2854Costco,Rockwall,1049,#1049 #01049 #001049 #0001049,1225 State Hwy 276,TX,75032-9376Costco,Lakewood,1050,#1050 #01050 #001050 #0001050,340 Lakewood Center Mall,CA,90712-2409Costco,Saint John,1055,#1055 #01055 #001055 #0001055,300 Retail Drive,NB,E2J 2R2Costco,Phoenix,1058,#1058 #01058 #001058 #0001058,4570 E Cactus Rd,AZ,85032-7702Costco,Warrenton,1059,#1059 #01059 #001059 #0001059,1804 SE Ensign Lane,OR,97146-7339Costco,Manchester,1060,#1060 #01060 #001060 #0001060,301 Highlands Blvd Drive,MO,63011-4385Costco,Hayward,1061,#1061 #01061 #001061 #0001061,28505 Hesperian Blvd,CA,94545-5008Costco,New York,1062,#1062 #01062 #001062 #0001062,517 E 117th St,NY,10035-4409Costco,Okotoks,1069,#1069 #01069 #001069 #0001069,202-104 Southbank Blvd,AB,T1S 0K4Costco,Rego Park,1070,#1070 #01070 #001070 #0001070,61-35 Junction Boulevard,NY,11374-2772Costco,Pacoima,1071,#1071 #01071 #001071 #0001071,13550 W Paxton St,CA,91331-2352Costco,Roseburg,1073,#1073 #01073 #001073 #0001073,4141 NE Stephens St.,OR,97470-1161Costco,Mettawa,1074,#1074 #01074 #001074 #0001074,25901 Riverwoods Rd,IL,60045-3403Costco,Rocky View,1076,#1076 #01076 #001076 #0001076,300-293020 Crossiron Common,AB,T4A 0J6Costco,Lanham,1078,#1078 #01078 #001078 #0001078,2400 Five Lees Lane,MD,20706-1617Costco,Tucson,1079,#1079 #01079 #001079 #0001079,1650 E Tucson Marketplace,AZ,85713Costco,San Marcos,1080,#1080 #01080 #001080 #0001080,725 Center Dr,CA,92069Costco,Pottstown,1081,#1081 #01081 #001081 #0001081,14 West Lightcap Road,PA,19464Costco,Ringgold,1083,#1083 #01083 #001083 #0001083,100 Cobb Parkway,GA,30736-8566Costco,Atlanta,1084,#1084 #01084 #001084 #0001084,500 Brookhaven Ave,GA,30319-3291Costco,Melrose Park,1085,#1085 #01085 #001085 #0001085,8400 W North Ave,IL,60160-1607Costco,Vancouver,1086,#1086 #01086 #001086 #0001086,19610 SE 1st St,WA,98607-7472Costco,Burnsville,1087,#1087 #01087 #001087 #0001087,14050 Burnhaven Dr,MN,55337-4407Costco,Bolingbrook,1088,#1088 #01088 #001088 #0001088,830 E Boughton Rd,IL,60440-2355Costco,Richmond,1089,#1089 #01089 #001089 #0001089,1401 Mall Dr,VA,23235-4887Costco,Fredericton,1090,#1090 #01090 #001090 #0001090,25 Wayne Squibb Blvd,NB,E3C 0G8Costco,Lodi,1091,#1091 #01091 #001091 #0001091,2680 Reynolds Ranch Parkway,CA,95240Costco,Courtenay,1092,#1092 #01092 #001092 #0001092,588 Crown Isle Blvd,BC,V9N 0A6Costco,Morganville,1093,#1093 #01093 #001093 #0001093,18 Route 9 North,NJ,7751Costco,Frisco,1097,#1097 #01097 #001097 #0001097,11220 Dallas Parkway,TX,75033Costco,Pewaukee,1101,#1101 #01101 #001101 #0001101,443 Pewaukee Rd,WI,53072Costco,Augusta,1102,#1102 #01102 #001102 #0001102,825 Alexander Dr,GA,30909Costco,Warminster,1103,#1103 #01103 #001103 #0001103,100 Veterans Way,PA,18974Costco,Ancaster,1105,#1105 #01105 #001105 #0001105,100 Legend Court,ON,L9K 1J3Costco,Pittsfield,1106,#1106 #01106 #001106 #0001106,771 Airport Blvd,MI,48108Costco,Chicago,1107,#1107 #01107 #001107 #0001107,1430 S Ashland Ave,IL,60608Costco,Pharr,1108,#1108 #01108 #001108 #0001108,1501 West Kelly Ave.,TX,78577Costco,Huntington Beach,1110,#1110 #01110 #001110 #0001110,7562 Center Ave,CA,92647Costco,Coralville,1111,#1111 #01111 #001111 #0001111,2900 Heartland Dr,IA,52241Costco,Edmonton,1112,#1112 #01112 #001112 #0001112,7259 Winterburn Rd NW,AB,T5T 4K2Costco,Glen Mills,1114,#1114 #01114 #001114 #0001114,700 Evergreen Dr,PA,19342Costco,Alexandria,1115,#1115 #01115 #001115 #0001115,7940 Richmond Hwy,VA,22306Costco,Farragut,1116,#1116 #01116 #001116 #0001116,10745 Kingston Pike,TN,37934Costco,Spanish Fork,1118,#1118 #01118 #001118 #0001118,273 East 1000 North,UT,84660Costco,West Fargo,1119,#1119 #01119 #001119 #0001119,750 23rd Ave East,ND,58078Costco,Washington,1120,#1120 #01120 #001120 #0001120,2441 Market St NE,DC,20018Costco,Sun Prairie,1121,#1121 #01121 #001121 #0001121,2850 Hoepker Rd,WI,53590Costco,Baxter,1122,#1122 #01122 #001122 #0001122,13650 Elder Drive,MN,56425Costco,Sarasota,1123,#1123 #01123 #001123 #0001123,8201 S Tamiami Trail Unit 501,FL,34238Costco,Wheaton,1124,#1124 #01124 #001124 #0001124,11160 Veirs Mill Rd,MD,20902Costco,Rochester,1125,#1125 #01125 #001125 #0001125,2020 Commerce Dr NW,MN,55901Costco,East Peoria,1126,#1126 #01126 #001126 #0001126,301 West Washington,IL,61611Costco,Drummondville,1127,#1127 #01127 #001127 #0001127,105 Rue-Robert-Bernard,QC,J2C 8N1Costco,Oshawa,1128,#1128 #01128 #001128 #0001128,130 Ritson Rd North,ON,L1G 0A6Costco,Sugar Land,1146,#1146 #01146 #001146 #0001146,17520 Southwest Freeway,TX,77479Costco,New Orleans,1147,#1147 #01147 #001147 #0001147,3900 Dublin Street,LA,70118-4726Costco,Cedar Park,1152,#1152 #01152 #001152 #0001152,4601 183A Toll Rd.,TX,78613Costco,North Riverside,1153,#1153 #01153 #001153 #0001153,2500 South Harlem Avenue,IL,60546Costco,Lexington,1156,#1156 #01156 #001156 #0001156,1500 Fitzgerald Ct,KY,40509Costco,St Albert,1157,#1157 #01157 #001157 #0001157,1075 Saint Albert Trail,AB,T8N 4K6Costco,Sioux Falls,1159,#1159 #01159 #001159 #0001159,3700 S Grange Ave.,SD,57105Costco,Columbus,1160,#1160 #01160 #001160 #0001160,3888 Stelzer Road,OH,43219Costco,Fort Wayne,1161,#1161 #01161 #001161 #0001161,5110 Value Drive,IN,46808Costco,Bellevue,1162,#1162 #01162 #001162 #0001162,2355 Costco Way,WI,54311Costco,Lubbock,1163,#1163 #01163 #001163 #0001163,6020 34th Street,TX,79407Costco,North Plainfield,1166,#1166 #01166 #001166 #0001166,1290 US Highway 22E,NJ,7060Costco,Katy,1167,#1167 #01167 #001167 #0001167,23645 Katy Freeway,TX,77494Costco,Mississauga,1169,#1169 #01169 #001169 #0001169,1570 Dundas Street East,ON,L4X 1L4Costco,Baton Rouge,1172,#1172 #01172 #001172 #0001172,10000 Dawnadele Ave Bldg A,LA,70809-2524Costco,Fort Worth,1173,#1173 #01173 #001173 #0001173,8900 Tehama Ridge Pkwy,TX,76177