row_id|at_merchantid|at_transactioncity|at_transactionstateprovince|at_transactionpostalcode1|at_transactionpostalcode2|at_transactioncountrycode|at_transactiondescription|at_transactiondescription2|at_mcccode
163|422369290115364|714-308-4848|CA|92701||US|PACIFICA T-SHIRTS        714-308-4848 CA|PACIFICA T-SHIRTS|5999
236|234115000183029|800-206-6887|KY|40220||US|FSI*KY FARM BUREAU       800-206-6887 KY|FSI*KY FARM BUREAU|5960
422|345049324881|VISTA|CA|92081||US|HEARX WEST #70513        VISTA        CA|HEARX WEST #70513|5975
485|008788014053256|TEMPLE|TX|76504||USA|ENDODONTIC ASSOCIATES    TEMPLE       TX|ENDODONTIC ASSOCIATES|8021
549|529459001130523|888-557-7177|NY|10605||US|LLS-E-FUNDRAISING        888-557-7177 NY|LLS-E-FUNDRAISING|8398
633|846214087880|WAUNAKEE|WI|53597||US|WAUNAKEE FURNITURE       WAUNAKEE     WI|WAUNAKEE FURNITURE|5712
965|215218983991|888-685-1517|MI|48393||US|ROBIN AIRE HTG &  COOL   888-685-1517 MI|ROBIN AIRE HTG &  COOL|1711
1150|537402901190275|HILLSBORO|OR|97124||US|EXTENDEDSTAY #9823       HILLSBORO    OR|EXTENDEDSTAY #9823|3621
1152|174030072998|402-935-7733|CA|95131||US|PAYPAL *SVDPSEATTLE      402-935-7733 CA|PAYPAL *SVDPSEATTLE|8398
1182|84870011599979|800-624-7092|NE|68504||US|NBS / FACTS *TRINITY CHRI800-624-7092 NE|NBS / FACTS *TRINITY CHRI|8211
1781|019975000017510|800-242-6422|RI|2865||US|AMI*AMICA INSURANCE      800-242-6422 RI|AMI*AMICA INSURANCE|6300
1851|3993151|PORTSMOUTH||0||GB|MARRIOTT                 PORTSMOUTH|MARRIOTT|3509
2076|544122101191290|714-246-4500|CA|92623||USA|ALLERGAN USA, INC        714-246-4500 CA|ALLERGAN USA, INC|5047
2203|554135021902549|707-633-6340|CA|95524||US|MCFARLAND DESIGNS        707-633-6340 CA|MCFARLAND DESIGNS|5944
2300|107227246991|TUCSON|AZ|85711||US|S SILVERBERG & SONS INC  TUCSON       AZ|S SILVERBERG & SONS INC|5944
2820|185585000015677|888-296-2747|NJ|8110||US|AVL*OASIS CD MANUFACTU   888-296-2747 NJ|AVL*OASIS CD MANUFACTU|5099
2922|328019068993|800-331-0500|PA|18017||US|AT&T K008 9969           800-331-0500 PA|AT&T K008 9969|4814
3584|03-8013878783|877-6922253|AZ|85012||US|CABLE ONE INC 1          877-6922253  AZ|CABLE ONE INC 1|4899
4085|670302200161110|LAKELAND|FL|33801||US|MARRIOTT MVCI FEES       LAKELAND     FL|MARRIOTT MVCI FEES|3509
4087|670302200161110|LAKELAND|FL|33801||US|MARRIOTT MVCI FEES       LAKELAND     FL|MARRIOTT MVCI FEES|3509
4648|490300047916|VIRGINA BEACH|VA|23455||US|EASTERN AL SUPPLY-65     VIRGINA BEACHVA|EASTERN AL SUPPLY-65|5039
4669|001089295931798|DENVER|CO|80204||US|COSENTINO NORTH AMERIC   DENVER       CO|COSENTINO NORTH AMERIC|5099
4714|670450701900723|BRECKENRIDGE|CO|80424||US|BRECKENRIDGE SKI SCHOOL  BRECKENRIDGE CO|BRECKENRIDGE SKI SCHOOL|7999
5485|17-8021740298|LOS ANGELES|CA|90048||US|ROCHE BOBOIS             LOS ANGELES  CA|ROCHE BOBOIS|5712
5923|345376187885|LOS ANGELES|CA|90019||USA|MEZIAN MOTORS            LOS ANGELES  CA|MEZIAN MOTORS|7538
6073|4445091073403|JERSEY CITY|NJ|7310||US|MACY*S EAST #0174        JERSEY CITY  NJ|MACY*S EAST #0174|5311
6654|372191480881|2395926006|FL|34109||US|WILSON LIGHTING NAPLES   2395926006   FL|WILSON LIGHTING NAPLES|5719
7014|210996000015342|800-932-2732|TX|77002||US|UNITED      0162430910095800-932-2732 TX|UNITED      0162430910095|3000
7093|105001036220000|SAN DIEGO|CA|92128||USA|STAPLES       00103622   SAN DIEGO    CA|STAPLES       00103622|5943
7335|267645897880|714-290-9412|CA|92637||US|LUXURY TOWNCAR SERVICE#1 714-290-9412 CA|LUXURY TOWNCAR SERVICE#1|4121
7739|014425000007454|212-514-7000|NY|10005||US|CWI                      212-514-7000 NY|CWI|5960
7819|227311754997|303-997-2300|CO|80112||US|VITELITY LLC             303-997-2300 CO|VITELITY LLC|4816
8013|927041503021763|HOUSTON|TX|77031||US|CABINETS TO GO           HOUSTON      TX|CABINETS TO GO|5211
8511|17-8026782592|855-4996735|IL|62454||US|NATURAL SOLUTIONS FOR LIV855-4996735  IL|NATURAL SOLUTIONS FOR LIV|5995
8828|803990893|MANNHEIM||0||DE|ABC TRAVEL SERVICE E.K   MANNHEIM|ABC TRAVEL SERVICE E.K|4722
9153|544381001232747|877-244-3267|KY|40511||USA|BIG ASS FANS             877-244-3267 KY|BIG ASS FANS|5712
10381|222609000221787|NEW YORK|NY|10018||US|RODGERS THEATRE          NEW YORK     NY|RODGERS THEATRE|7922
10395||OSAKA||0||JP|HANSHIN DEPT.STORE       OSAKA|HANSHIN DEPT.STORE|5311
10783|210996000015342|800-932-2732|TX|77002||US|UNITED      0162432081831800-932-2732 TX|UNITED      0162432081831|3000
11180|17-8028671074|FORT PIERCE|FL|34950||US|ANCHORS AWEIGH MARINE    FORT PIERCE  FL|ANCHORS AWEIGH MARINE|4468
11203|67208000018|800-956-6310|IL|61791||USA|STATE FARM INSURANCE     800-956-6310 IL|STATE FARM INSURANCE|6300
11390|461682000509950|LAUDERDALE|FL|33308||US|SHORE HAVEN RESORT INN   LAUDERDALE   FL|SHORE HAVEN RESORT INN|6513
11547|334181950885|08005691980|FL|33122||USA|DISCOUNTMUGS.COM         08005691980  FL|DISCOUNTMUGS.COM|5964
11725|187847000097323|877-228-3145|CA|94596||US|PAY*VRBO  452427         877-228-3145 CA|PAY*VRBO  452427|6513
11913|4445019450841|714-687-6359|CA|92805||US|EXTRON ELECTRONICS       714-687-6359 CA|EXTRON ELECTRONICS|5065
12214|650000006122017|ATLANTA|GA|30360||US|JIM ELLIS PORSCHE SERVICEATLANTA      GA|JIM ELLIS PORSCHE SERVICE|7538
13231|541708901200566|PHOENIX|AZ|85004||US|THE STRAND URBAN ITALI   PHOENIX      AZ|THE STRAND URBAN ITALI|5812
13328|671070900370099|800-430-3376|GA|30339||US|HOMEDEPOT.COM            800-430-3376 GA|HOMEDEPOT.COM|5200
13479|221039369998|WILLOW GROVE|PA|19090||US|THE MENS WEARHOUSE #5203 WILLOW GROVE PA|THE MENS WEARHOUSE #5203|5611
13831|112442000108778|800-676-2775|CA|94014||USA|APL*APPLEONLINESTOREUS   800-676-2775 CA|APL*APPLEONLINESTOREUS|5732
14244|311200311885|BILL.MS.NET|WA|98052||US|MICROSOFT   *STORE       BILL.MS.NET  WA|MICROSOFT   *STORE|5734
14373|7580343|BENITO JUAREZ||0||MX|CLUB REAL RESORT         BENITO JUAREZ|CLUB REAL RESORT|7997
14394|628002003120524|BASTROP|TX|78602||US|MUELLER INC STORE 29- BASBASTROP      TX|MUELLER INC STORE 29- BAS|5211
15115|174030075991|800-228-5964|MI|48075||US|MOMARKETING              800-228-5964 MI|MOMARKETING|7399
15166|345770436888|866-458-4262|FL|34232||US|UNIVERSAL INSURANCE CO   866-458-4262 FL|UNIVERSAL INSURANCE CO|6300
15252|019165000173981|800-253-6500|MI|49355||US|AMW*AMWAY ORDER          800-253-6500 MI|AMW*AMWAY ORDER|7399
16284|345774146889|561-988-9170|FL|33487||US|PEOPLES TRUST INSURANCE  561-988-9170 FL|PEOPLES TRUST INSURANCE|6300
16480|17-8014839685|610-9412479|PA|19422||US|KAPLIN STEWART MELOFF REI610-9412479  PA|KAPLIN STEWART MELOFF REI|8111
16579|650000007780219|OXFORD|GA|30054||US|STEEL CO BUILDINGS INC   OXFORD       GA|STEEL CO BUILDINGS INC|5039
16638|345750781881|877-733-7699|MA|2215||US|RED SOX TICKETS          877-733-7699 MA|RED SOX TICKETS|7941
16656|7700012232|888-2847978|DC|20036||US|NETWORK FOR GOOD         888-2847978  DC|NETWORK FOR GOOD|8398
16941|542929805757549|831-786-8164|CA|95076||US|CSC LABORATORIES,        831-786-8164 CA|CSC LABORATORIES,|5047
17001|425031191991|SOUTH JORDAN|UT|84095||US|LANSING BP SLC           SOUTH JORDAN UT|LANSING BP SLC|5211
17352|4445018683870|718-762-9355|NY|10019||US|PAY*66 ROCKWELL          718-762-9355 NY|PAY*66 ROCKWELL|6513
17372|7700016624|ALEXANDRIA|LA|71301||USA|KYLES COLLISION CENTER   ALEXANDRIA   LA|KYLES COLLISION CENTER|7531
17490|21-8027093551|KILLINGTON|VT|5751||US|KILLINGTON CENTRAL RESERVKILLINGTON   VT|KILLINGTON CENTRAL RESERV|7011
17553|670453300160000|PARK CITY|UT|84068||US|MARRIOTT PARK CITY       PARK CITY    UT|MARRIOTT PARK CITY|3509
17594|677737170005107|717-7414688|PA|17402||US|SCHAEFER WHOLESALE FLORIS717-7414688  PA|SCHAEFER WHOLESALE FLORIS|5992
17689|672157500190000|HONOLULU|HI|96815||US|HYATT REGENCY WAIKIKI    HONOLULU     HI|HYATT REGENCY WAIKIKI|3640
17739|420162207880|215-898-2672|PA|19104||US|UNIV OF PA DONATION--O   215-898-2672 PA|UNIV OF PA DONATION--O|8220
18035|210996000015342|800-932-2732|TX|77002||US|UNITED      0162474751938800-932-2732 TX|UNITED      0162474751938|3000
18076|529091701127031|HIGHLANDS RAN|CO|80129||US|SCHOMP BMW PARTS         HIGHLANDS RANCO|SCHOMP BMW PARTS|5533
18291|445355050995|4155287205|CA|94105||USA|MIXPANEL, INC.           4155287205   CA|MIXPANEL, INC|5734
18594|451031775997|SIGNAL HILL|CA|90755||US|LONG BEACH BMW           SIGNAL HILL  CA|LONG BEACH BMW|5511
18595|451031775997|SIGNAL HILL|CA|90755||US|LONG BEACH BMW           SIGNAL HILL  CA|LONG BEACH BMW|5511
18640|47405133|REDHILL||0||GB|DHGATE 1583057885        REDHILL|DHGATE 1583057885|5964
18952|512178340115856|858-755-8993|CA|92130||US|IRRESISTIBLE SMILES      858-755-8993 CA|IRRESISTIBLE SMILES|8021
18979|445282293999|MEDIOCRE.COM|TX|75006||US|- CHECKOUT.ORG           MEDIOCRE.COM TX|- CHECKOUT.ORG|7399
19219|518993320325707|845-783-5808|NY|10950||US|UTA OF KJ                845-783-5808 NY|UTA OF KJ|8211
19299|518993320964711|212-8407717|NY|10036||US|SOBEL NY TOOLS           212-8407717  NY|SOBEL NY TOOLS|5944
19624|000087882866067|ALLEN PARK|MI|48101||US|SOUTHPOINTE VETERINARY   ALLEN PARK   MI|SOUTHPOINTE VETERINARY|742
19630|313290065884|303-449-1876|CO|80301||US|ECO-PRODUCTS             303-449-1876 CO|ECO-PRODUCTS|5099
19642|421389033885|07145219040|CA|90620||USA|NORITSU AMERICA CORP     07145219040  CA|NORITSU AMERICA CORP|5044
20068|313234239884|949-548-0966|CA|92663||US|KATAYOUN SAHAFI DDS      949-548-0966 CA|KATAYOUN SAHAFI DDS|8021
20189|032679000031449|AUSTIN|TX|78758||US|APPLE STORE  #R216       AUSTIN       TX|APPLE STORE  #R216|5732
20549|09-8016748389|812-2858500|IN|47130||US|KYES                     812-2858500  IN|KYES|5811
20587|84870020070492|203-3561822|CT|6902||US|EW CT - STAM             203-3561822  CT|EW CT - STAM|5065
20643|178044117996|SOUTH HACKENS|NJ|7606||US|RESTAURANT DEPOT         SOUTH HACKENSNJ|RESTAURANT DEPOT|5411
20826|334000421886|888-237-9877|CT|6183||US|TRAVELERS PERSONAL INS   888-237-9877 CT|TRAVELERS PERSONAL INS|5960
21001|535353200100162|Logan|UT|84341||US|Al's Sporting Goods      Logan        UT|Al's Sporting Goods|5941
21068|178165594999|813-289-5000|FL|33607||US|AAA E-TICKETS #964       813-289-5000 FL|AAA E-TICKETS #964|8675
21069|096521000096472|888-764-3771|ON|0||CAN|ROGERS      *496498098   888-764-3771 ON|ROGERS      *496498098|4812
21347|295356735882|PALO ALTO|CA|94306||US|PALO ALTO DENTAL SURGERY PALO ALTO    CA|PALO ALTO DENTAL SURGERY|8021
21380|226016896996|FAIRFAX|VA|22031||US|VCA SOUTHPAWS VSE #896   FAIRFAX      VA|VCA SOUTHPAWS VSE #896|742
21445|029500000004697|STATEN ISLAND|NY|10314||US|BEST BUY MHT  00004697   STATEN ISLANDNY|BEST BUY MHT  00004697|5732
21786|427504041606422|973-575-9450|NJ|7004||US|FLM GRAPHICS CORP        973-575-9450 NJ|FLM GRAPHICS CORP|2741
21896|008788430363426|HAYWARD|CA|94541||US|SKYWEST GOLF COURSE      HAYWARD      CA|SKYWEST GOLF COURSE|7992
21907|219040000207048|575-4410274|NM|88242||US|IN *A 3 SECURITY         575-4410274  NM|IN *A 3 SECURITY|5399
22098|04-8024388327|SAN MATEO|CA|94401||US|JANE VU FERRERA DDS      SAN MATEO    CA|JANE VU FERRERA DDS|8021
22126|930238329|SEATTLE|WA|98188||USA|25/7 PROTECTION INC      SEATTLE      WA|25/7 PROTECTION INC|7393
22359|18976922|800-444-0189|NY|1701||US|TPR EDUCATION            800-444-0189 NY|TPR EDUCATION|8299
22734|302161260997|407-841-4755|CA|92131||US|HD SUPPLY FACILITIES MAI 407-841-4755 CA|HD SUPPLY FACILITIES MAI|5046
22941|205953000182343|800-435-9792|TX|75235||US|SOUTHWES    5262469630882800-435-9792 TX|SOUTHWES    5262469630882|3066
22950|518564120318720|281-449-8521|TX|77039||US|R.S. CONCRETE            281-449-8521 TX|R.S. CONCRETE|5211
22990|940161720880|W HARTFORD|CT|6117||US|MANDELL JEWISH BILLING   W HARTFORD   CT|MANDELL JEWISH BILLING|7399
23001|03-9512665754|MADISON|WI|53706||US|DOIT TECH STORE          MADISON      WI|DOIT TECH STORE|7372
23059|229211045880|LOS ANGELES|CA|90015||US|HONDA OF DOWNTOWN L.A    LOS ANGELES  CA|HONDA OF DOWNTOWN L.A|5541
23083|674635602689901|407-903-4357|FL|32819||US|STARWOOD VACATION NETWORK407-903-4357 FL|STARWOOD VACATION NETWORK|7012
23460|17-8021679041|ENGLEWOOD|NJ|7631||USA|JACQUELINE STANLEY OPT   ENGLEWOOD    NJ|JACQUELINE STANLEY OPT|8043
24022|588000000512616|BROOMFIELD|CO|80020||US|SCOTTY'S TRUCK TOPPERS   BROOMFIELD   CO|SCOTTY'S TRUCK TOPPERS|5533
24040|329371967996|EAGLE POINT|OR|97524||US|HIGH COUNTRY ARTS        EAGLE POINT  OR|HIGH COUNTRY ARTS|5712
24252|08515953248WSP1|LA HABRA|CA|90631||US|WAL-MART #3248     SE2   LA HABRA     CA|WAL-MART #3248     SE2|5310
24455|222084000|DUBAI||0||AE|FINASI LLC               DUBAI|FINASI LLC|5712
24906|948907957005905|508-4750510|MA|1581||US|ECLINICALWORKS, LLC      508-4750510  MA|ECLINICALWORKS, LLC|7372
25074|4445017453472|877-818-4323|CA|92415||US|SAN BERNARDINO CO ATC    877-818-4323 CA|SAN BERNARDINO CO ATC|9399
25620|534914300200243|TAMPA|FL|33619||US|HOFFMAN ELECTRICAL       TAMPA        FL|HOFFMAN ELECTRICAL|1731
25625|335202421889|919-619-3242|NC|27514||US|LAW OFFICES OF MATTHEW C 919-619-3242 NC|LAW OFFICES OF MATTHEW C|8111
25648|588465101516582|KAPALUA|HI|96761||US|THE RITZ CARLTON KAPAL   KAPALUA      HI|THE RITZ CARLTON KAPAL|3710
25971|541540501196265|631-925-5516|NY|11731||USA|CONNOLLY MUSIC COMPANY   631-925-5516 NY|CONNOLLY MUSIC COMPANY|5733
26948|650000007092946|COLUMBUS|OH|43240||USA|STAR LANES POLARIS       COLUMBUS     OH|STAR LANES POLARIS|5812
27027|219040000207048|916-4732959|CA|95834||USA|IN *KURETAKE ZIG CORPO   916-4732959  CA|IN *KURETAKE ZIG CORPO|5970
27048|064100000734137|714-5661000|CA|92705||US|INGRAM MICR 4114599      714-5661000  CA|INGRAM MICR 4114599|5045
27168|673261300100010|800-333-8655|NY|10314||US|EZPASS PREPAID TOLL      800-333-8655 NY|EZPASS PREPAID TOLL|4784
27344|313294510885|973-808-4588|NJ|7004||US|VOICESONIC               973-808-4588 NJ|VOICESONIC|4816
27492|14-9117181355|800-3611263|NY|12901||US|GM COLLIN SKIN CARE INC  800-3611263  NY|GM COLLIN SKIN CARE INC|5122
27868|345775738882|312-553-2836|IL|60606||US|DIST OFFICE STUDENTONLIN 312-553-2836 IL|DIST OFFICE STUDENTONLIN|8220
29156|524771000299728|COSTA MESA|CA|92627||US|THE CAT CLINIC OF ORANGE COSTA MESA   CA|THE CAT CLINIC OF ORANGE|742
29299|067010250990|GILROY|CA|95020||US|SEARS HOMETOWN 3178      GILROY       CA|SEARS HOMETOWN 3178|5311
29322|03-2160633992|SPOKANE|WA|99201||US|CLINKERDAGGER            SPOKANE      WA|CLINKERDAGGER|5812
29469|008788430122820|SAN RAFAEL|CA|94903||US|MCINNIS PARK GOLF CENT   SAN RAFAEL   CA|MCINNIS PARK GOLF CENT|5812
29477|345538868885|SMYRNA|GA|30080||US|NALLEY LEXUS             SMYRNA       GA|NALLEY LEXUS|5511
30289|4445002034876|800-463-3768|PA|17241||USA|OFFICE DEPOT #5910       800-463-3768 PA|OFFICE DEPOT #5910|5965
30543|346200028881|SAN ANTONIO|TX|78252||US|TWANG PARTNERS LTD       SAN ANTONIO  TX|TWANG PARTNERS LTD|5499
30784|395707132808|800-2215743|NY|10001||USA|B&H PHOTO, 800-606-696   800-2215743  NY|B&H PHOTO, 800-606-696|5969
30927|313161510885|DANBURY|CT|6810||US|DANBURY AUDI             DANBURY      CT|DANBURY AUDI|5511
31406|178006407997|PARAMUS|NJ|7652||USA|IKEA PARAMUS             PARAMUS      NJ|IKEA PARAMUS|5712
31626|010500000105510|ARDMORE|OK|73401||US|STAPLES       00105510   ARDMORE      OK|STAPLES       00105510|5943
31751|219040000207048|352-4302773|FL|32159||US|IN *SACK ROOFING INC.    352-4302773  FL|IN *SACK ROOFING INC|1799
31764|057698000031449|RESTON|VA|20190||US|APPLE STORE  #R271       RESTON       VA|APPLE STORE  #R271|5732
31912|000001679794350|800-5275787|CA|94998||US|FIREMAN'S FUND -SAP BI   800-5275787  CA|FIREMAN'S FUND -SAP BI|6300
32032|421164131888|MIAMI|FL|33126||US|NCL RESERVATIONS USD     MIAMI        FL|NCL RESERVATIONS USD|4411
32035|421164131888|MIAMI|FL|33126||US|NCL RESERVATIONS USD     MIAMI        FL|NCL RESERVATIONS USD|4411
32277|008788850016172|BROOKFIELD|IL|60513||US|BROOKFIELD AUTO CENTER   BROOKFIELD   IL|BROOKFIELD AUTO CENTER|7538
32869|032539000031449|SANTA MONICA|CA|90401||US|APPLE STORE  #R051       SANTA MONICA CA|APPLE STORE  #R051|5732
33058|362543141885|HAMPSTEAD|NC|28443||US|COASTAL PAINT & FLOORI   HAMPSTEAD    NC|COASTAL PAINT & FLOORI|5231
33694|303235716998|07344265860|MI|48130||USA|TR PROF SOFTWARE SVC     07344265860  MI|TR PROF SOFTWARE SVC|8999
33752|267085021884|305-599-2075|FL|33122||US|STONE AND MARBEL DEPOT   305-599-2075 FL|STONE AND MARBEL DEPOT|5713
33984|032582000031449|AVENTURA|FL|33180||US|APPLE STORE  #R087       AVENTURA     FL|APPLE STORE  #R087|5732
34095|029500000007674|ESTERO|FL|33928||US|BEST BUY MHT  00007674   ESTERO       FL|BEST BUY MHT  00007674|5732
34101|03-9508471597|SOUTHFIELD|MI|30354||US|DELTA AIR   0067725338692SOUTHFIELD   MI|DELTA AIR   0067725338692|3058
34117|313285851884|MERRIAM|KS|66202||US|HENDRICK CHEVROLET       MERRIAM      KS|HENDRICK CHEVROLET|5511
34203|941000095453|650-3167500|CA|94043||US|ELANCE ESCROW CORPORATION650-3167500  CA|ELANCE ESCROW CORPORATION|7399
35056|008788770002172|415-8656000|CA|94102||US|CHINESE AMERICAN INTER   415-8656000  CA|CHINESE AMERICAN INTER|8211
35645|345536133886|323-650-2000|CA|92211||US|EMSER TILE-CAPLM         323-650-2000 CA|EMSER TILE-CAPLM|5713
36154|03-8013899607|502-8134030|KY|40207||US|JOFFE MEDICENTER         502-8134030  KY|JOFFE MEDICENTER|8042
36307|395700094602|212-8584333|MD|20850||US|ORC*FINRA DR FEES        212-8584333  MD|ORC*FINRA DR FEES|9222
36932|372643216883|800-800-9800|FL|34747||US|DVC ESCROW PYMTS         800-800-9800 FL|DVC ESCROW PYMTS|7012
36935|544620801218161|VENTURA|CA|93003||US|LAND ROVER JAGUAR VENT   VENTURA      CA|LAND ROVER JAGUAR VENT|5511
37285|14-8021313336|317-5858981|IN|46038||US|ACTION AIR INC           317-5858981  IN|ACTION AIR INC|1711
37340|010500000111682|JERSEY CITY|NJ|7310||US|STAPLES       00111682   JERSEY CITY  NJ|STAPLES       00111682|5943
37983|784959000762203|AMZN.COM/BILL|WA|98101||US|Amazon.com               AMZN.COM/BILLWA|Amazon.com|5942
38626|008788134000433|916-3688453|CA|95827||US|PALM TILE STONE GALLER   916-3688453  CA|PALM TILE STONE GALLER|5099
38699|174016464995|ALEXANDRIA|VA|22314||USA|JOS. A. BANK #464        ALEXANDRIA   VA|JOS. A. BANK #464|5611
39217|313251819881|SYRACUSE|NY|13212||US|MIKES AUTO 0002181       SYRACUSE     NY|MIKES AUTO 0002181|5533
39772|670231100180000|KISSIMMEE|FL|34746||US|GAYLORD PALMS HOTEL FLA  KISSIMMEE    FL|GAYLORD PALMS HOTEL FLA|3609
39806|032513000031449|FARMINGTON|CT|6032||US|APPLE STORE  #R025       FARMINGTON   CT|APPLE STORE  #R025|5732
40007|518089240785675|731-855-3570|TN|38382||USA|J & W SURPLUS            731-855-3570 TN|J & W SURPLUS|5941
40468|233949954350001|206-767-7700|WA|98106||US|FERGUSON ENTERPRISES 2702206-767-7700 WA|FERGUSON ENTERPRISES 2702|5074
40842|20-8012764943|951-9553900|CA|92501||US|CNTY OF RIVERSIDE TAX COL951-9553900  CA|CNTY OF RIVERSIDE TAX COL|9399
40979|7011397620|800-7757105|WI|53201||US|SOUTHWEST AIRLINES VCTNS 800-7757105  WI|SOUTHWEST AIRLINES VCTNS|4722
40980|7011397620|800-7757105|WI|53201||US|SOUTHWEST AIRLINES VCTNS 800-7757105  WI|SOUTHWEST AIRLINES VCTNS|4722
41404|84890018517873|ROCKWALL|TX|75087||US|SOUTHERN JUNCTION NIGHTCLROCKWALL     TX|SOUTHERN JUNCTION NIGHTCL|5812
41738|84870014811502|206-2812919|WA|98119||US|NORTH QUEEN ANNE CHILDCAR206-2812919  WA|NORTH QUEEN ANNE CHILDCAR|8351
42584|941000113700|727-8218765|FL|33702||US|ASI LLOYDS               727-8218765  FL|ASI LLOYDS|6300
43104|227204041999|WHEAT RIDGE|CO|80033||US|WHEAT RIDGE ANIMAL HOSP  WHEAT RIDGE  CO|WHEAT RIDGE ANIMAL HOSP|742
43468|118643000110315|SHORT HILLS|NJ|7078||US|POTTERY BARN 0216        SHORT HILLS  NJ|POTTERY BARN 0216|5719
44147|430160290887|03148627777|MO|94043||USA|ENTERTAINMENT CRUISE P   03148627777  MO|ENTERTAINMENT CRUISE P|4722
44367|227843000815522|PROVIDENCE|RI|2903||US|SIDNEYTHOMASPROVID       PROVIDENCE   RI|SIDNEYTHOMASPROVID|5944
44721|671070158859747|GALVESTON|TX|77551||US|THE HOME DEPOT 6574      GALVESTON    TX|THE HOME DEPOT 6574|5200
44956|927041503174547|VENTURA|CA|93003||US|CABINETS TO GO #853      VENTURA      CA|CABINETS TO GO #853|5251
45564|4445184412197|419-887-2972|OH|43527||US|PARAMOUNT INSURANCE CO   419-887-2972 OH|PARAMOUNT INSURANCE CO|8099
45721|229754000183029|800-917-2003|IL|60601||US|FSI*HCSC PREMIUM PMT     800-917-2003 IL|FSI*HCSC PREMIUM PMT|5960
45864|367190950884|ANDREWS|TX|79714||US|SKIN APPEAL              ANDREWS      TX|SKIN APPEAL|8099
46490|542814170010138|305-285-1157|FL|33172||US|MY FATHER CIGARS INC     305-285-1157 FL|MY FATHER CIGARS INC|5993
46523|08-9513372780|HENDERSONVLLE|TN|37075||USA|TFG MARKETING INC        HENDERSONVLLETN|TFG MARKETING INC|5137
46967|875000055020|800-8910896|WI|53402||US|EIMPROVEMENT.COM, LLC    800-8910896  WI|EIMPROVEMENT.COM, LLC|5200
47230|567978601345121|FLOWER MOUND|TX|75028||USA|POST NET TX198           FLOWER MOUND TX|POST NET TX198|7399
47941|03-9500103172|MITCHELL|SD|57301||US|CABELA S RETAIL MITCHELL MITCHELL     SD|CABELA S RETAIL MITCHELL|5941
48186|000463565111783|FT LAUDERDALE|FL|33309||US|GUNTECH INC              FT LAUDERDALEFL|GUNTECH INC|5941
48557|324166590996|NORDICTRACK.C|UT|84321||US|NORDIC TRACK.COM         NORDICTRACK.CUT|NORDIC TRACK.COM|5941
48818|000087882863735|CARBONDALE|CO|81623||USA|CARBONDALE DENTAL CENT   CARBONDALE   CO|CARBONDALE DENTAL CENT|8021
49244|84870000809832|212-7410401|NY|10011||US|ADORAMA INC              212-7410401  NY|ADORAMA INC|5969
49418|518564830115499|PITTSBURGH|PA|15237||US|PRECISION DENTAL SPECIALTPITTSBURGH   PA|PRECISION DENTAL SPECIALT|8021
49452|029500000002022|PLANO|TX|75074||US|BEST BUY MHT  00002022   PLANO        TX|BEST BUY MHT  00002022|5732
49761|899000000076040|HOUSTON|TX|77056||US|DEMARTINI SEMINARS       HOUSTON      TX|DEMARTINI SEMINARS|7392
50046|32390303|LOS ANGELES|CA|90245||US|CATHAYPACAIR1607514741884LOS ANGELES  CA|CATHAYPACAIR1607514741884|3099
50222|433023614889|AUSTIN|TX|78758||US|MICROSOFT - 11 AUSTIN    AUSTIN       TX|MICROSOFT - 11 AUSTIN|5734
50251|650000003370817|RIDGEWOOD|NJ|7450||US|KURPIS COSMETIC DENTISTRYRIDGEWOOD    NJ|KURPIS COSMETIC DENTISTRY|8021
50398|241542000963884|928-453-7333|PA|19406||USA|AmeriGas                 928-453-7333 PA|AmeriGas|4900
51049|518993320319304|212-738-9531|NY|10022||US|ROADWAY MOVING AND STO   212-738-9531 NY|ROADWAY MOVING AND STO|4214
51385|498166062881|HANCOCK|MA|1237||US|JIMINY PEAK MTN RESORT   HANCOCK      MA|JIMINY PEAK MTN RESORT|7999
51685|03-8021268373|702-6498777|NV|89052||US|CASHMAN EQUIPMENT SO NV  702-6498777  NV|CASHMAN EQUIPMENT SO NV|5599
51747|670465100389901|TEANECK|NJ|7666||US|MARRIOTTTEANCK F&B 2505  TEANECK      NJ|MARRIOTTTEANCK F&B 2505|3509
52437|517005701055135|BRONX|NY|10472||US|BSF AUTO PARTS INC       BRONX        NY|BSF AUTO PARTS INC|5533
52443|015160414999|NAPLES|FL|34109||US|DICKS SPORTING GOODS1168 NAPLES       FL|DICKS SPORTING GOODS1168|5655
52693|19074386|ROCHESTER|NY|14623||US|MINI OF ROCHESTER        ROCHESTER    NY|MINI OF ROCHESTER|5599
52894|059921000057726|415-800-5959|CA|94103||US|AIRBNB INC               415-800-5959 CA|AIRBNB INC|7011
53138|000273200144965|000-0000000|OH|43617||US|IMPACT PRODUCTS          000-0000000  OH|IMPACT PRODUCTS|7349
53142|542929804736148|480-926-4897|AZ|85210||US|UNITED FOOD BANK         480-926-4897 AZ|UNITED FOOD BANK|8999
53816|019597000015881|800-927-2770|IL|60014||US|TICKETSNOWTICKETMASTER   800-927-2770 IL|TICKETSNOWTICKETMASTER|7922
54185|089062000854521|CC@GOOGLE.COM|CA|94043||US|GOOGLE *ADWS6959946430   CC@GOOGLE.COMCA|GOOGLE *ADWS6959946430|7311
54673|089062000854521|CC@GOOGLE.COM|CA|94043||US|GOOGLE *ADWS8624904180   CC@GOOGLE.COMCA|GOOGLE *ADWS8624904180|7311
54758|174194032994|800-342-5397|CA|90012||US|LADWP AUTO PAY           800-342-5397 CA|LADWP AUTO PAY|4900
55194|260031410889|BALLWIN|MO|63011||US|MUNGENAST ST LOUIS ACURA BALLWIN      MO|MUNGENAST ST LOUIS ACURA|5511
55274|518089400105318|813-855-5600|FL|33626||US|MD AESTHETICS & WELLNE   813-855-5600 FL|MD AESTHETICS & WELLNE|7298
55404|4445091168633|800-800-4239|IL|60061||US|CDW DIRECT LLC           800-800-4239 IL|CDW DIRECT LLC|5964
55424|864355000215558|800-967-6696|IL|60540||US|CRATE & BARREL #914      800-967-6696 IL|CRATE & BARREL #914|5719
56211|21-8028423195|HONOLULU|HI|96815||US|QUEEN KAPIOLANI HOTEL    HONOLULU     HI|QUEEN KAPIOLANI HOTEL|7011
56581|21-8023539292|DURHAM|NC|27713||US|DUKE MEDICINE PAYMENT CS DURHAM       NC|DUKE MEDICINE PAYMENT CS|8099
57061|4445016701722|772-229-1300|FL|34957||US|PAY*HUTCHINSON ISLAND REA772-229-1300 FL|PAY*HUTCHINSON ISLAND REA|6513
57210|8358006834|FORT LAUDERDA|FL|33304||US|HILTON HOTELS FT LAUD    FORT LAUDERDAFL|HILTON HOTELS FT LAUD|3504
57429|130444499118962|GRAYSLAKE|IL|60030||US|HUNTINGTON LEARNING CENTEGRAYSLAKE    IL|HUNTINGTON LEARNING CENTE|8299
57498|899000001406998|301-6571740|MD|20815||US|MICHAEL J EIG AND ASSOCIA301-6571740  MD|MICHAEL J EIG AND ASSOCIA|8111
57891|672080000180000|800-956-6310|IL|61791||US|STATE FARM               800-956-6310 IL|STATE FARM|6300
57892|672080000180000|800-956-6310|IL|61791||US|STATE FARM               800-956-6310 IL|STATE FARM|6300
58249|175862000152720|800-456-3355|TX|78682||US|DMI* DELL BUS ONLINE     800-456-3355 TX|DMI* DELL BUS ONLINE|5045
58483|334223490882|714-540-9300|CA|92626||US|ALIS                     714-540-9300 CA|ALIS|8398
58579|512178340120989|SPRING|TX|77379||US|SAMUEL J MITSCHKE DDS    SPRING       TX|SAMUEL J MITSCHKE DDS|8021
58704|17-8023647160|877-2190491|FL|32459||US|360 BLUE PROPERTIES      877-2190491  FL|360 BLUE PROPERTIES|6513
58987|008788140015071|STOCKTON|CA|95204||US|GEN ETSY.COM HILLS   STOCKTON     CA|GEN ETSY.COM HILLS|7261
59021|4445181323162|317-692-7200|IN|46202||US|FARM BUREAU INS SSPO     317-692-7200 IN|FARM BUREAU INS SSPO|5960
59169|476579830124822|LAS VEGAS|NV|89109||US|DEEP SEA COSMETIC        LAS VEGAS    NV|DEEP SEA COSMETIC|5977
59776|001800010028223|LOS ANGELES|CA|90004||US|ENTERPRISE RENT-A-CAR    LOS ANGELES  CA|ENTERPRISE RENT-A-CAR|3405
60582|029885000116682|800-288-2020|TX|75202||USA|ATT*BILL PAYMENT         800-288-2020 TX|ATT*BILL PAYMENT|4899
60645|226180872997|PHOENIX|AZ|85254||US|SPENCERS TV & APPLIANCE  PHOENIX      AZ|SPENCERS TV & APPLIANCE|5722
60832|000131596208731|QUANG BINH||0||VN|OXALIS CO.,LTD           QUANG BINH|OXALIS CO.,LTD|4722
61206|628158000324525|SAN MATEO|CA|94401||US|JAMES NEWMAN MD PC       SAN MATEO    CA|JAMES NEWMAN MD PC|8011
62330|185294000097323|850-837-3937|FL|32541||US|PAY*SOUTHERN RESORTS     850-837-3937 FL|PAY*SOUTHERN RESORTS|6513
62355|524771000299733|MANASSAS|VA|20110||US|VETERINARY SURGICAL REFERMANASSAS     VA|VETERINARY SURGICAL REFER|742
62601|84870008012003|800-618-4444|CA|92618||US|TOSHIBA DIRECT           800-618-4444 CA|TOSHIBA DIRECT|5964
62686|113259000110315|800-290-8181|CA|94109||US|POTTERY BARN KIDS E-CO   800-290-8181 CA|POTTERY BARN KIDS E-CO|5719
62829|84870013873127|281-6175189|TX|77034||US|LUTHERAN SOUTH ACADEMY   281-6175189  TX|LUTHERAN SOUTH ACADEMY|8211
63671|676850255120000|DANVERS|MA|1923||US|GUITAR CENTER #551       DANVERS      MA|GUITAR CENTER #551|5733
64144|008788140014082|VICTORVILLE|CA|92392||US|LAW OFFICES OF SHARON    VICTORVILLE  CA|LAW OFFICES OF SHARON|8111
64802|84870005953259|NEW YORK|NY|10019||US|BERGDORF GOODMAN #64     NEW YORK     NY|BERGDORF GOODMAN #64|5311
64876|200154000191462|800-776-4737|OH|44143||US|PROGRESSIVE *INSURANCE   800-776-4737 OH|PROGRESSIVE *INSURANCE|6300
64914|948907957001506|866-9967243|CA|92618||USA|SAGE SOFTWARE INC        866-9967243  CA|SAGE SOFTWARE INC|5734
64938|992201725882|WESTPORT|CT|6880||US|VOLVO OF WESTPORT        WESTPORT     CT|VOLVO OF WESTPORT|5511
65123|174030075991|575-874-9188|NM|88063||US|ARCHER COMPANY USA ARCH  575-874-9188 NM|ARCHER COMPANY USA ARCH|5251
65132|345071070881|MCALLEN|TX|78501||US|CONNS 041                MCALLEN      TX|CONNS 041|5722
65257|03-8012844778|AURORA|CO|80014||US|AESTHETIC DENTISTRY OF AUAURORA       CO|AESTHETIC DENTISTRY OF AU|8021
65513|17-9509610698|954-9707171|FL|33309||US|MICROLAMP INC            954-9707171  FL|MICROLAMP INC|5719
65808|518564980301451|845-783-1063|NY|10956||US|DEPENDABLE MANAGEMENT    845-783-1063 NY|DEPENDABLE MANAGEMENT|8999
66147|203860000414490|877-694-0305|NC|28262||US|TIAAINSURANCE PREM       877-694-0305 NC|TIAAINSURANCE PREM|6300
66562|395700106800|866-7295327|IL|60062||US|PYL*BCL Multi Family LLC 866-7295327  IL|PYL*BCL Multi Family LLC|6513
66919|584315101472276|POMPANO BEACH|FL|33073||USA|AMERICA'S TILE & MARBL   POMPANO BEACHFL|AMERICA'S TILE & MARBL|7299
67023|434177012888|SOLANA BEACH|CA|92075||US|COLES FINE FLOORING - SB SOLANA BEACH CA|COLES FINE FLOORING - SB|5713
67042|4445184968859|LOUISVILLE|KY|40243||US|GUTTER HELMET            LOUISVILLE   KY|GUTTER HELMET|1761
67057|174030076999|4029357733|CA|92808||USA|PAYPAL *UNLOCK PHON      4029357733   CA|PAYPAL *UNLOCK PHON|4812
67086|379020007884|NEW YORK|NY|10023||US|AG/COLUMBUS NY UPPER WS  NEW YORK     NY|AG/COLUMBUS NY UPPER WS|5691
67454|101001003636453|YOUNGSTOWN|OH|44514||US|CENTER FOR ADVANCED EYE  YOUNGSTOWN   OH|CENTER FOR ADVANCED EYE|8011
67676|029500000002261|LUBBOCK|TX|79424||US|BEST BUY      00002261   LUBBOCK      TX|BEST BUY      00002261|5732
67826|650000007284261|NASHVILLE|TN|37203||US|FBM W & S Nashville      NASHVILLE    TN|FBM W & S Nashville|5211
68189|000271200100763|713-7435997|TX|77204||US|UH ALUMNI ASSOCIATION    713-7435997  TX|UH ALUMNI ASSOCIATION|8699
68780|434325164888|336-841-7100|NC|27410||US|C12 GROUP                336-841-7100 NC|C12 GROUP|7299
69592|174037008995|ORLAND PARK|IL|60462||US|DANIA                    ORLAND PARK  IL|DANIA|5712
70229|178251717991|05024546800|KY|40218||USA|USA PRINT BROKER, INC    05024546800  KY|USA PRINT BROKER, INC|7338
70320|395709190134|646-8780301|NY|10016||US|SPECIALTY FOOD ASSOC     646-8780301  NY|SPECIALTY FOOD ASSOC|8699
70436|4445198518217|NAPOLEON|OH|43545||US|AUTOZONE #1749           NAPOLEON     OH|AUTOZONE #1749|5533
70438|4446010915651|855-469-3729|CA|32792||US|WPY*RIP ANICASIO MALDONAD855-469-3729 CA|WPY*RIP ANICASIO MALDONAD|8398
70444|376260729995|LAKE JACKSON|TX|77566||US|TRI CITY AUTO            LAKE JACKSON TX|TRI CITY AUTO|7535
70495|4445108229112|847-627-2776|IL|60015||US|LAGASSE INC              847-627-2776 IL|LAGASSE INC|7399
70602|529000028572|GILFORD|NH|3249||US|GILFORD HOME CENTER      GILFORD      NH|GILFORD HOME CENTER|5251
70920|376196450997|SAN ANTONIO|TX|78219||USA|SANTEX TRUCK CENTER      SAN ANTONIO  TX|SANTEX TRUCK CENTER|5511
70967|670451600170820|VAIL|CO|81658||US|SNOW.COM                 VAIL         CO|SNOW.COM|4816
71019|498207467883|GLENDALE|CA|91204||US|RICHARDSON EQUIPMENT REN GLENDALE     CA|RICHARDSON EQUIPMENT REN|7394
71226|210996000015342|800-932-2732|TX|77002||USA|UNITED     01624308581335800-932-2732 TX|UNITED     01624308581335|3000
71231|650000007092037|GRANVILLE|OH|43023||US|ABES AUTOMOTIVE          GRANVILLE    OH|ABES AUTOMOTIVE|7538
71336|67045160017|VAIL|CO|81658||USA|SNOW.COM                 VAIL         CO|SNOW.COM|4816
71425|650000007020327|GREAT BARRING|MA|1230||US|BARRINGTON OUTFITTERS LLCGREAT BARRINGMA|BARRINGTON OUTFITTERS LLC|5311
71681|08740350001AB9|NEWPORT BEACH|CA|92660||USA|CALL AND JENSEN APC      NEWPORT BEACHCA|CALL AND JENSEN APC|8111
71842|395707132808|800-2215743|NY|10001||US|B&H PHOTO, 800-606-6969  800-2215743  NY|B&H PHOTO, 800-606-6969|5969
72052|178044189995|NEW ORLEANS|LA|70125||USA|RESTAURANT DEPOT         NEW ORLEANS  LA|RESTAURANT DEPOT|5411
72163|168794000111695|281-492-7980|TX|77094||USA|LOWES #00098*            281-492-7980 TX|LOWES #00098*|5200
72260|588000000283390|LITTLETON|CO|80123||USA|THE GREAT FRAME UP       LITTLETON    CO|THE GREAT FRAME UP|5999
72593|670846000141110|863-688-7700|FL|33801||US|MARRIOTT ANNUAL DUES     863-688-7700 FL|MARRIOTT ANNUAL DUES|3509
72704|21-8022383189|HOUSTON|TX|77027||US|HOTEL DEREK              HOUSTON      TX|HOTEL DEREK|7011
72836|445210502990|5052819177|CA|93117||USA|AF*MAZZOLA INC. REAL .   5052819177   CA|AF*MAZZOLA INC. REAL|6513
73641|784959000762203|AMZN.COM/BILL|WA|98101||US|AMAZON.COM               AMZN.COM/BILLWA|AMAZON.COM|5942
74038|784959000762203|AMZN.COM/BILL|WA|98101||US|AMAZON.COM               AMZN.COM/BILLWA|AMAZON.COM|5942
75010|148011612|NEW YORK|NY|10036||US|LUFTHANSA   2202363339294NEW YORK     NY|LUFTHANSA   2202363339294|3008
75099|542814160380150|STUART|FL|34997||US|JOSEPHS JEWELRY          STUART       FL|JOSEPHS JEWELRY|5944
75692|422899020001280|916-315-8888|CA|95677||US|KNIELSELS AUTO COLLISION 916-315-8888 CA|KNIELSELS AUTO COLLISION|7531
75871|691000013361|415-3822000|CA|94949||US|DRIVESAVERS INC          415-3822000  CA|DRIVESAVERS INC|5969
76031|07-8016716584|CORONA|CA|92880||US|DYNOTECH DENTAL LAB      CORONA       CA|DYNOTECH DENTAL LAB|8071
76812|518564751147760|972-540-6087|TX|75071||US|BULLSEYE MEDIA. LLC      972-540-6087 TX|BULLSEYE MEDIA. LLC|7311
76934|461682000168021|NAPLES|FL|34110||US|IMPORT AUTOMOTIVE        NAPLES       FL|IMPORT AUTOMOTIVE|7538
77176|84870017599481|718-406-8305|NY|11691||US|YESHIVA DARCHEI TORAH    718-406-8305 NY|YESHIVA DARCHEI TORAH|8211
77287|372173503882|AKRON|OH|44305||US|GANLEY AKRON INC.        AKRON        OH|GANLEY AKRON INC|5511
77394|345721042884|08707419000|AR|72601||USA|FEDEX FREIGHT INC        08707419000  AR|FEDEX FREIGHT INC|4214
77416|542929805375375|314-878-5985|MO|63146||US|FORESTADENT USA          314-878-5985 MO|FORESTADENT USA|8021
77501|201001002757094|818-5021313|CA|91204||US|KRADJIAN IMPORTING CO    818-5021313  CA|KRADJIAN IMPORTING CO|5199
77631|948000890003492|COLUMBUS|OH|43207||USA|TRACTOR SERVICE & SUPP   COLUMBUS     OH|TRACTOR SERVICE & SUPP|5046
77651|444215682881|WHITMAN|MA|2382||US|BIKEBARN, INC.           WHITMAN      MA|BIKEBARN, INC|5940
77745|650000008376066|CENTENNIAL|CO|80122||US|COURTESY ACURA           CENTENNIAL   CO|COURTESY ACURA|5511
77990|032530000031449|HIGHLAND PARK|TX|75205||US|APPLE STORE  #R042       HIGHLAND PARKTX|APPLE STORE  #R042|5732
78260|948907146008653|504-3715012|LA|70121||US|WASTECO SERVICES LLC     504-3715012  LA|WASTECO SERVICES LLC|4900
78352|221038692994|WEST PALM BEA|FL|33401||US|BRANDSMART USA WPB       WEST PALM BEAFL|BRANDSMART USA WPB|5722
78416|213275000923656|800-922-8228|CA|94597||US|AAA INSURANCE            800-922-8228 CA|AAA INSURANCE|5960
78722|08-8013767762|615-3560501|TN|37205||US|BELLE MEADE PLANTATION   615-3560501  TN|BELLE MEADE PLANTATION|5947
79239|14-8027798134|RICHLAND|WA|99352||US|KADLEC REGIONAL MEDICAL CRICHLAND     WA|KADLEC REGIONAL MEDICAL C|8099
79612|206305000007041|800-743-5000|CA|94105||USA|PG&E/EZ-PAY              800-743-5000 CA|PG&E/EZ-PAY|4900
79628|334235149880|08556003859|TX|77002||USA|USR-ELECTRICBILL         08556003859  TX|USR-ELECTRICBILL|4900
80079|000272800298551|949-2758497|CA|92595||US|TYLER KALISIAK FITNESS   949-2758497  CA|TYLER KALISIAK FITNESS|7399
80189|542929803833045|801-466-0990|UT|84115||US|MOUNTAIN LAND DESI       801-466-0990 UT|MOUNTAIN LAND DESI|5722
80486|670451600170011|VAIL|CO|81658||US|SNOW.COM                 VAIL         CO|SNOW.COM|4816
80549|628024003375383|ARLINGTON|TX|76018||US|DFW CAMPER CORRAL -ARLINGARLINGTON    TX|DFW CAMPER CORRAL -ARLING|5561
80561|434791958888|225-9261000|LA|70808||US|LAMAR MEDIA 3            225-9261000  LA|LAMAR MEDIA 3|7311
81169|329233171993|STAMFORD|CT|6902||US|STAMFORD VOLVO           STAMFORD     CT|STAMFORD VOLVO|7538
81624|542814080055728|914-478-3835|NY|10522||US|PLITNICK HOME FUEL & SERV914-478-3835 NY|PLITNICK HOME FUEL & SERV|5983
81783|934000000416073|DAVIE|FL|33328||US|MATTFIRM 052065-MFI      DAVIE        FL|MATTFIRM 052065-MFI|5712
81811|345535586886|818-548-3300|CA|91206||US|GLENDALE - GWP ONLINE    818-548-3300 CA|GLENDALE - GWP ONLINE|4900
82112|596853520986|ALLENTOWN|PA|18104||USA|PENN SHEET METAL         ALLENTOWN    PA|PENN SHEET METAL|1761
82363|948000031003704|843-7602626|SC|29418||US|CATHEDRAL OF PRAISE      843-7602626  SC|CATHEDRAL OF PRAISE|8398
82367|535317001170275|602-631-2000|AZ|85012||US|COPPERPOINT MUTUAL DE    602-631-2000 AZ|COPPERPOINT MUTUAL DE|6300
82801|4445012652867|CLEARWATER|FL|33765||US|SPC CLEARWATER CAMPUS    CLEARWATER   FL|SPC CLEARWATER CAMPUS|8220
82802|422369630013463|615-932-7700|TN|37212||US|MAXWELL AESTHETICS PLLC  615-932-7700 TN|MAXWELL AESTHETICS PLLC|8099
83898|239891000238521|MACON|DC|20076||US|GEICO  *AUTO             MACON        DC|GEICO  *AUTO|6300
84177|169306000111695|HIXSON|TN|37343||USA|LOWES #00749*            HIXSON       TN|LOWES #00749*|5200
84415|032536000031449|DENVER|CO|80206||US|APPLE STORE  #R047       DENVER       CO|APPLE STORE  #R047|5732
84525|434355806887|CLARKSVILLE|MD|21029||US|JIM COLEMAN HONDA        CLARKSVILLE  MD|JIM COLEMAN HONDA|5511
84629|445340775995|7604532776|CA|92054||US|MAJESTIC SOCIAL MEDIA    7604532776   CA|MAJESTIC SOCIAL MEDIA|7392
84634|17-8022648789|DALLAS|TX|75354||US|CONSTRUCTION EQUIPMENT PADALLAS       TX|CONSTRUCTION EQUIPMENT PA|5046
84807|284021820998|HANOVER|MA|2339||US|MB OF HANOVER            HANOVER      MA|MB OF HANOVER|5511
84823|673496200130000|800-472-4346|NY|11747||US|HENRY SCHEIN*            800-472-4346 NY|HENRY SCHEIN*|5047
84826|673496200130000|800-472-4346|NY|11747||US|HENRY SCHEIN*            800-472-4346 NY|HENRY SCHEIN*|5047
85158|650000007770244|BRICK|NJ|8724||USA|BRICK DENTAL ASSOCIATE   BRICK        NJ|BRICK DENTAL ASSOCIATE|8021
85427|170149000111695|GILFORD|NH|3249||US|LOWES #02322*            GILFORD      NH|LOWES #02322*|5200
86492|14-8023146411|518-5643120|NY|12901||US|SUNY PLATTSBURGH WEB     518-5643120  NY|SUNY PLATTSBURGH WEB|9399
86705|03-8022625902|858-8750774|CA|92037||US|THE BISHOPS SCHOOL DONATI858-8750774  CA|THE BISHOPS SCHOOL DONATI|8398
86958|628020003150588|301-9523396|MD|20772||US|PGC FINANCE TRS TAXES WEB301-9523396  MD|PGC FINANCE TRS TAXES WEB|9311
86959|17-8008101431|SOMERSET|NJ|8873||US|GLENN D GOLDSTEIN        SOMERSET     NJ|GLENN D GOLDSTEIN|8021
87131|518089424361194|830-228-4673|TX|78070||US|HILLSIDE FELLOWSHIP      830-228-4673 TX|HILLSIDE FELLOWSHIP|8661
87144|518993970124442|ELMHURST|IL|60126||US|YORK FURRIER             ELMHURST     IL|YORK FURRIER|5681
87908|029500000000216|CORALVILLE|IA|52241||US|BEST BUY      00000216   CORALVILLE   IA|BEST BUY      00000216|5732
88593|661371000972554|800-811-1648|GA|30328||US|UPS*0000XR0398           800-811-1648 GA|UPS*0000XR0398|4214
88625|006116000005155|920-569-7501|WI|54304||US|GREEN BAY PACKERS        920-569-7501 WI|GREEN BAY PACKERS|7922
88733|445120538993|WWW.GIRLSINCM|MD|21740||US|WWW.GIRLSINC-MD.ORG      WWW.GIRLSINCMMD|WWW.GIRLSINC-MD.ORG|7941
89196|311200311885|BILL.MS.NET|WA|98052||US|MSFT   *MICROSOFTSTORE   BILL.MS.NET  WA|MSFT   *MICROSOFTSTORE|5734
89388|345377655880|BURLINGAME|CA|94010||US|PATRONIK DESIGNS         BURLINGAME   CA|PATRONIK DESIGNS|5944
89427|426696100015149|PARAMUS|NJ|7652||USA|INT*LIFETIME HEALTHCAR   PARAMUS      NJ|INT*LIFETIME HEALTHCAR|8050
89562|568631401376505|MIAMI BEACH|FL|33140||US|FONTAINEBLEAU RESORT     MIAMI BEACH  FL|FONTAINEBLEAU RESORT|3607
90244|235251000762203|AMZN.COM/BILL|WA|98109||US|AMAZON MKTPLACE PMTS     AMZN.COM/BILLWA|AMAZON MKTPLACE PMTS|5942
90734|235251000762203|AMZN.COM/BILL|WA|98109||USA|AMAZON MKTPLACE PMTS     AMZN.COM/BILLWA|AMAZON MKTPLACE PMTS|5942
92911|683418010936100|SPRINGFIELD|MO|65803||US|SUPER SCOOTER SHOP       SPRINGFIELD  MO|SUPER SCOOTER SHOP|5999
92978|518089248910754|MONTEBELLO|CA|90640||USA|CATER NEEDS              MONTEBELLO   CA|CATER NEEDS|5999
92983|301323135184913|800-5551234|CA|94903||US|MARIN TAX - INTERNET PAYM800-5551234  CA|MARIN TAX - INTERNET PAYM|9211
93235|498209850888|ANDOVER|NJ|7821||US|NORTHWEST BLDG SUPPLY    ANDOVER      NJ|NORTHWEST BLDG SUPPLY|5085
93386|53149912|800-2479297|NY|11370||US|BRITISH A   1257699161374800-2479297  NY|BRITISH A   1257699161374|3005
93563|650000007265203|HONOLULU|HI|96813||USA|VOLCANOECIGS ECOMMERCE   HONOLULU     HI|VOLCANOECIGS ECOMMERCE|5993
94083|113149000731000|888-TWCABLE|TX|75228||US|TWC*TIME WARNER CABLE    888-TWCABLE  TX|TWC*TIME WARNER CABLE|4899
98714|784959000762203|AMZN.COM/BILL|WA|98101||US|AMAZON.COM               AMZN.COM/BILLWA|AMAZON.COM|5942
100940|784959000762203|AMZN.COM/BILL|WA|98101||US|AMAZON.COM               AMZN.COM/BILLWA|AMAZON.COM|5942
101035|235251000762203|AMZN.COM/BILL|WA|98109||US|AMAZON MKTPLACE PMTS     AMZN.COM/BILLWA|AMAZON MKTPLACE PMTS|5942
101309|421264139880|07139934510|TX|77027||USA|HGAC ADMINISTRATION      07139934510  TX|HGAC ADMINISTRATION|9399
101413|345373492882|949-640-4115|CA|92660||US|AVRO GAON, MD, INC       949-640-4115 CA|AVRO GAON, MD, INC|8011
101427|14-8023055042|HAUPPAUGE|NY|11788||USA|DPT OF LABOR LCNSNG AN   HAUPPAUGE    NY|DPT OF LABOR LCNSNG AN|9399
101441|201001000872820|LINCOLN|IL|62656||US|LGAN CNTY CIRCUT CRT     LINCOLN      IL|LGAN CNTY CIRCUT CRT|9399
101467|345378392889|DAVIS|CA|95618||US|L PAIKOFF - S POWELL MD  DAVIS        CA|L PAIKOFF - S POWELL MD|8011
101485|345361176885|08006429942|CA|90069||USA|ZIERING MEDCL A MED CO   08006429942  CA|ZIERING MEDCL A MED CO|8011
101493|372343250885|SAN CLEMENTE|CA|92673||US|HYBRID MD                SAN CLEMENTE CA|HYBRID MD|8011
101525|101001002119170|EVERETT|WA|98201||USA|70 WWMG DEPT OF IMAGIN   EVERETT      WA|70 WWMG DEPT OF IMAGIN|8011
101564|201001002431658|DECATUR|GA|30033||US|Ian Katz MD, FACS        DECATUR      GA|Ian Katz MD, FACS|8011
101575|008788242874581|HENDERSON|NV|89074||US|TRYLOVICH & GIFFORD LT   HENDERSON    NV|TRYLOVICH & GIFFORD LT|8011
